2026-06-13 14:06:20.523 [main] INFO  testcases.BaseTest - Opening browser
2026-06-13 14:06:20.539 [main] WARN  utilities.DriverFactory - No browser specified. Defaulting to Chrome
2026-06-13 14:06:20.540 [main] INFO  utilities.DriverFactory - No driver found. Creating new driver for: chrome
2026-06-13 14:06:20.543 [main] INFO  utilities.DriverFactory - Initializing driver for: chrome
2026-06-13 14:06:20.544 [main] INFO  utilities.DriverFactory - Starting ChromeDriver
2026-06-13 14:06:22.455 [main] INFO  testcases.BaseTest - Navigating to SauceDemo
2026-06-13 14:06:30.028 [main] INFO  testcases.BaseTest - Closing browser
2026-06-13 14:06:30.028 [main] INFO  utilities.DriverFactory - Closing browser
2026-06-13 14:06:30.255 [main] INFO  testcases.BaseTest - Opening browser
2026-06-13 14:06:30.255 [main] WARN  utilities.DriverFactory - No browser specified. Defaulting to Chrome
2026-06-13 14:06:30.255 [main] INFO  utilities.DriverFactory - No driver found. Creating new driver for: chrome
2026-06-13 14:06:30.255 [main] INFO  utilities.DriverFactory - Initializing driver for: chrome
2026-06-13 14:06:30.255 [main] INFO  utilities.DriverFactory - Starting ChromeDriver
2026-06-13 14:06:31.408 [main] INFO  testcases.BaseTest - Navigating to SauceDemo
2026-06-13 14:06:39.201 [main] INFO  testcases.BaseTest - Closing browser
2026-06-13 14:06:39.202 [main] INFO  utilities.DriverFactory - Closing browser
2026-06-13 14:06:39.398 [main] INFO  testcases.BaseTest - Opening browser
2026-06-13 14:06:39.398 [main] WARN  utilities.DriverFactory - No browser specified. Defaulting to Chrome
2026-06-13 14:06:39.398 [main] INFO  utilities.DriverFactory - No driver found. Creating new driver for: chrome
2026-06-13 14:06:39.398 [main] INFO  utilities.DriverFactory - Initializing driver for: chrome
2026-06-13 14:06:39.398 [main] INFO  utilities.DriverFactory - Starting ChromeDriver
2026-06-13 14:06:40.379 [main] INFO  testcases.BaseTest - Navigating to SauceDemo
2026-06-13 14:07:32.105 [main] INFO  testcases.BaseTest - Opening browser
2026-06-13 14:07:32.114 [main] WARN  utilities.DriverFactory - No browser specified. Defaulting to Chrome
2026-06-13 14:07:32.114 [main] INFO  utilities.DriverFactory - No driver found. Creating new driver for: chrome
2026-06-13 14:07:32.120 [main] INFO  utilities.DriverFactory - Initializing driver for: chrome
2026-06-13 14:07:32.121 [main] INFO  utilities.DriverFactory - Starting ChromeDriver
2026-06-13 14:07:35.131 [main] INFO  testcases.BaseTest - Navigating to SauceDemo
2026-06-13 14:07:42.661 [main] INFO  testcases.BaseTest - Closing browser
2026-06-13 14:07:42.662 [main] INFO  utilities.DriverFactory - Closing browser
2026-06-13 14:07:42.853 [main] INFO  testcases.BaseTest - Opening browser
2026-06-13 14:07:42.854 [main] WARN  utilities.DriverFactory - No browser specified. Defaulting to Chrome
2026-06-13 14:07:42.854 [main] INFO  utilities.DriverFactory - No driver found. Creating new driver for: chrome
2026-06-13 14:07:42.854 [main] INFO  utilities.DriverFactory - Initializing driver for: chrome
2026-06-13 14:07:42.854 [main] INFO  utilities.DriverFactory - Starting ChromeDriver
2026-06-13 14:07:43.949 [main] INFO  testcases.BaseTest - Navigating to SauceDemo
2026-06-13 14:07:51.251 [main] INFO  testcases.BaseTest - Closing browser
2026-06-13 14:07:51.251 [main] INFO  utilities.DriverFactory - Closing browser
2026-06-13 14:07:51.497 [main] INFO  testcases.BaseTest - Opening browser
2026-06-13 14:07:51.497 [main] WARN  utilities.DriverFactory - No browser specified. Defaulting to Chrome
2026-06-13 14:07:51.497 [main] INFO  utilities.DriverFactory - No driver found. Creating new driver for: chrome
2026-06-13 14:07:51.498 [main] INFO  utilities.DriverFactory - Initializing driver for: chrome
2026-06-13 14:07:51.498 [main] INFO  utilities.DriverFactory - Starting ChromeDriver
2026-06-13 14:07:52.362 [main] INFO  testcases.BaseTest - Navigating to SauceDemo
2026-06-13 14:08:00.005 [main] INFO  testcases.BaseTest - Closing browser
2026-06-13 14:08:00.005 [main] INFO  utilities.DriverFactory - Closing browser
2026-06-13 14:08:00.293 [main] INFO  testcases.BaseTest - Opening browser
2026-06-13 14:08:00.293 [main] WARN  utilities.DriverFactory - No browser specified. Defaulting to Chrome
2026-06-13 14:08:00.293 [main] INFO  utilities.DriverFactory - No driver found. Creating new driver for: chrome
2026-06-13 14:08:00.293 [main] INFO  utilities.DriverFactory - Initializing driver for: chrome
2026-06-13 14:08:00.293 [main] INFO  utilities.DriverFactory - Starting ChromeDriver
2026-06-13 14:08:01.219 [main] INFO  testcases.BaseTest - Navigating to SauceDemo
2026-06-13 14:16:11.841 [main] INFO  testcases.BaseTest - Opening browser
2026-06-13 14:16:11.846 [main] WARN  utilities.DriverFactory - No browser specified. Defaulting to Chrome
2026-06-13 14:16:11.847 [main] INFO  utilities.DriverFactory - No driver found. Creating new driver for: chrome
2026-06-13 14:16:11.850 [main] INFO  utilities.DriverFactory - Initializing driver for: chrome
2026-06-13 14:16:11.850 [main] INFO  utilities.DriverFactory - Starting ChromeDriver
2026-06-13 14:16:15.582 [main] INFO  testcases.BaseTest - Navigating to SauceDemo
2026-06-13 14:16:24.198 [main] INFO  testcases.BaseTest - Closing browser
2026-06-13 14:16:24.200 [main] INFO  utilities.DriverFactory - Closing browser
2026-06-13 14:16:25.674 [main] INFO  testcases.BaseTest - Opening browser
2026-06-13 14:16:25.675 [main] WARN  utilities.DriverFactory - No browser specified. Defaulting to Chrome
2026-06-13 14:16:25.679 [main] INFO  utilities.DriverFactory - No driver found. Creating new driver for: chrome
2026-06-13 14:16:25.680 [main] INFO  utilities.DriverFactory - Initializing driver for: chrome
2026-06-13 14:16:25.681 [main] INFO  utilities.DriverFactory - Starting ChromeDriver
2026-06-13 14:16:33.813 [main] INFO  testcases.BaseTest - Navigating to SauceDemo
2026-06-13 14:16:41.291 [main] INFO  testcases.BaseTest - Closing browser
2026-06-13 14:16:41.295 [main] INFO  utilities.DriverFactory - Closing browser
2026-06-13 14:16:42.236 [main] INFO  testcases.BaseTest - Opening browser
2026-06-13 14:16:42.237 [main] WARN  utilities.DriverFactory - No browser specified. Defaulting to Chrome
2026-06-13 14:16:42.237 [main] INFO  utilities.DriverFactory - No driver found. Creating new driver for: chrome
2026-06-13 14:16:42.237 [main] INFO  utilities.DriverFactory - Initializing driver for: chrome
2026-06-13 14:16:42.237 [main] INFO  utilities.DriverFactory - Starting ChromeDriver
2026-06-13 14:16:43.531 [main] INFO  testcases.BaseTest - Navigating to SauceDemo
2026-06-13 14:16:45.806 [main] INFO  testcases.BaseTest - Closing browser
2026-06-13 14:16:45.806 [main] INFO  utilities.DriverFactory - Closing browser
2026-06-13 14:16:45.967 [main] INFO  testcases.BaseTest - Opening browser
2026-06-13 14:16:45.968 [main] WARN  utilities.DriverFactory - No browser specified. Defaulting to Chrome
2026-06-13 14:16:45.968 [main] INFO  utilities.DriverFactory - No driver found. Creating new driver for: chrome
2026-06-13 14:16:45.968 [main] INFO  utilities.DriverFactory - Initializing driver for: chrome
2026-06-13 14:16:45.968 [main] INFO  utilities.DriverFactory - Starting ChromeDriver
2026-06-13 14:16:47.184 [main] INFO  testcases.BaseTest - Navigating to SauceDemo
2026-06-13 14:16:54.559 [main] INFO  testcases.BaseTest - Closing browser
2026-06-13 14:16:54.560 [main] INFO  utilities.DriverFactory - Closing browser
2026-06-13 14:16:55.652 [main] INFO  testcases.BaseTest - Opening browser
2026-06-13 14:16:55.653 [main] WARN  utilities.DriverFactory - No browser specified. Defaulting to Chrome
2026-06-13 14:16:55.653 [main] INFO  utilities.DriverFactory - No driver found. Creating new driver for: chrome
2026-06-13 14:16:55.654 [main] INFO  utilities.DriverFactory - Initializing driver for: chrome
2026-06-13 14:16:55.655 [main] INFO  utilities.DriverFactory - Starting ChromeDriver
2026-06-13 14:16:57.206 [main] INFO  testcases.BaseTest - Navigating to SauceDemo
2026-06-13 14:17:05.023 [main] INFO  testcases.BaseTest - Closing browser
2026-06-13 14:17:05.024 [main] INFO  utilities.DriverFactory - Closing browser
2026-06-13 14:17:05.957 [main] INFO  testcases.BaseTest - Opening browser
2026-06-13 14:17:05.958 [main] WARN  utilities.DriverFactory - No browser specified. Defaulting to Chrome
2026-06-13 14:17:05.959 [main] INFO  utilities.DriverFactory - No driver found. Creating new driver for: chrome
2026-06-13 14:17:05.960 [main] INFO  utilities.DriverFactory - Initializing driver for: chrome
2026-06-13 14:17:05.961 [main] INFO  utilities.DriverFactory - Starting ChromeDriver
2026-06-13 14:17:07.668 [main] INFO  testcases.BaseTest - Navigating to SauceDemo
2026-06-13 14:17:14.767 [main] INFO  testcases.BaseTest - Closing browser
2026-06-13 14:17:14.768 [main] INFO  utilities.DriverFactory - Closing browser
2026-06-13 14:17:16.044 [main] INFO  testcases.BaseTest - Opening browser
2026-06-13 14:17:16.045 [main] WARN  utilities.DriverFactory - No browser specified. Defaulting to Chrome
2026-06-13 14:17:16.046 [main] INFO  utilities.DriverFactory - No driver found. Creating new driver for: chrome
2026-06-13 14:17:16.046 [main] INFO  utilities.DriverFactory - Initializing driver for: chrome
2026-06-13 14:17:16.047 [main] INFO  utilities.DriverFactory - Starting ChromeDriver
2026-06-13 14:17:17.833 [main] INFO  testcases.BaseTest - Navigating to SauceDemo
2026-06-13 14:17:19.183 [main] INFO  testcases.BaseTest - Closing browser
2026-06-13 14:17:19.184 [main] INFO  utilities.DriverFactory - Closing browser
2026-06-13 14:17:19.424 [main] INFO  testcases.BaseTest - Opening browser
2026-06-13 14:17:19.424 [main] WARN  utilities.DriverFactory - No browser specified. Defaulting to Chrome
2026-06-13 14:17:19.425 [main] INFO  utilities.DriverFactory - No driver found. Creating new driver for: chrome
2026-06-13 14:17:19.425 [main] INFO  utilities.DriverFactory - Initializing driver for: chrome
2026-06-13 14:17:19.425 [main] INFO  utilities.DriverFactory - Starting ChromeDriver
2026-06-13 14:17:20.998 [main] INFO  testcases.BaseTest - Navigating to SauceDemo
2026-06-13 14:17:28.358 [main] INFO  testcases.BaseTest - Closing browser
2026-06-13 14:17:28.358 [main] INFO  utilities.DriverFactory - Closing browser
2026-06-13 14:17:29.004 [main] INFO  testcases.BaseTest - Opening browser
2026-06-13 14:17:29.005 [main] WARN  utilities.DriverFactory - No browser specified. Defaulting to Chrome
2026-06-13 14:17:29.005 [main] INFO  utilities.DriverFactory - No driver found. Creating new driver for: chrome
2026-06-13 14:17:29.005 [main] INFO  utilities.DriverFactory - Initializing driver for: chrome
2026-06-13 14:17:29.005 [main] INFO  utilities.DriverFactory - Starting ChromeDriver
2026-06-13 14:17:30.482 [main] INFO  testcases.BaseTest - Navigating to SauceDemo
2026-06-13 14:17:38.069 [main] INFO  testcases.BaseTest - Closing browser
2026-06-13 14:17:38.069 [main] INFO  utilities.DriverFactory - Closing browser
2026-06-13 14:17:38.379 [main] INFO  testcases.BaseTest - Opening browser
2026-06-13 14:17:38.379 [main] WARN  utilities.DriverFactory - No browser specified. Defaulting to Chrome
2026-06-13 14:17:38.379 [main] INFO  utilities.DriverFactory - No driver found. Creating new driver for: chrome
2026-06-13 14:17:38.379 [main] INFO  utilities.DriverFactory - Initializing driver for: chrome
2026-06-13 14:17:38.379 [main] INFO  utilities.DriverFactory - Starting ChromeDriver
2026-06-13 14:17:39.710 [main] INFO  testcases.BaseTest - Navigating to SauceDemo
2026-06-13 14:17:40.940 [main] INFO  testcases.BaseTest - Closing browser
2026-06-13 14:17:40.940 [main] INFO  utilities.DriverFactory - Closing browser
2026-06-13 14:17:41.117 [main] INFO  testcases.BaseTest - Opening browser
2026-06-13 14:17:41.117 [main] WARN  utilities.DriverFactory - No browser specified. Defaulting to Chrome
2026-06-13 14:17:41.117 [main] INFO  utilities.DriverFactory - No driver found. Creating new driver for: chrome
2026-06-13 14:17:41.117 [main] INFO  utilities.DriverFactory - Initializing driver for: chrome
2026-06-13 14:17:41.117 [main] INFO  utilities.DriverFactory - Starting ChromeDriver
2026-06-13 14:17:42.301 [main] INFO  testcases.BaseTest - Navigating to SauceDemo
2026-06-13 14:17:44.548 [main] INFO  testcases.BaseTest - Closing browser
2026-06-13 14:17:44.549 [main] INFO  utilities.DriverFactory - Closing browser
2026-06-13 14:17:45.580 [main] INFO  testcases.BaseTest - Opening browser
2026-06-13 14:17:45.580 [main] WARN  utilities.DriverFactory - No browser specified. Defaulting to Chrome
2026-06-13 14:17:45.580 [main] INFO  utilities.DriverFactory - No driver found. Creating new driver for: chrome
2026-06-13 14:17:45.580 [main] INFO  utilities.DriverFactory - Initializing driver for: chrome
2026-06-13 14:17:45.580 [main] INFO  utilities.DriverFactory - Starting ChromeDriver
2026-06-13 14:17:46.953 [main] INFO  testcases.BaseTest - Navigating to SauceDemo
2026-06-13 14:17:49.282 [main] INFO  testcases.BaseTest - Closing browser
2026-06-13 14:17:49.284 [main] INFO  utilities.DriverFactory - Closing browser
2026-06-13 14:17:50.531 [main] INFO  testcases.BaseTest - Opening browser
2026-06-13 14:17:50.532 [main] WARN  utilities.DriverFactory - No browser specified. Defaulting to Chrome
2026-06-13 14:17:50.533 [main] INFO  utilities.DriverFactory - No driver found. Creating new driver for: chrome
2026-06-13 14:17:50.533 [main] INFO  utilities.DriverFactory - Initializing driver for: chrome
2026-06-13 14:17:50.534 [main] INFO  utilities.DriverFactory - Starting ChromeDriver
2026-06-13 14:17:52.833 [main] INFO  testcases.BaseTest - Navigating to SauceDemo
2026-06-13 14:17:53.953 [main] INFO  testcases.BaseTest - Closing browser
2026-06-13 14:17:53.953 [main] INFO  utilities.DriverFactory - Closing browser
2026-06-13 14:17:54.131 [main] INFO  testcases.BaseTest - Opening browser
2026-06-13 14:17:54.131 [main] WARN  utilities.DriverFactory - No browser specified. Defaulting to Chrome
2026-06-13 14:17:54.131 [main] INFO  utilities.DriverFactory - No driver found. Creating new driver for: chrome
2026-06-13 14:17:54.131 [main] INFO  utilities.DriverFactory - Initializing driver for: chrome
2026-06-13 14:17:54.131 [main] INFO  utilities.DriverFactory - Starting ChromeDriver
2026-06-13 14:17:55.559 [main] INFO  testcases.BaseTest - Navigating to SauceDemo
2026-06-13 14:17:56.733 [main] INFO  testcases.BaseTest - Closing browser
2026-06-13 14:17:56.733 [main] INFO  utilities.DriverFactory - Closing browser
2026-06-13 14:17:56.903 [main] INFO  testcases.BaseTest - Opening browser
2026-06-13 14:17:56.903 [main] WARN  utilities.DriverFactory - No browser specified. Defaulting to Chrome
2026-06-13 14:17:56.903 [main] INFO  utilities.DriverFactory - No driver found. Creating new driver for: chrome
2026-06-13 14:17:56.903 [main] INFO  utilities.DriverFactory - Initializing driver for: chrome
2026-06-13 14:17:56.903 [main] INFO  utilities.DriverFactory - Starting ChromeDriver
2026-06-13 14:17:57.869 [main] INFO  testcases.BaseTest - Navigating to SauceDemo
2026-06-13 14:17:59.482 [main] INFO  testcases.BaseTest - Closing browser
2026-06-13 14:17:59.482 [main] INFO  utilities.DriverFactory - Closing browser
2026-06-13 14:17:59.662 [main] INFO  testcases.BaseTest - Opening browser
2026-06-13 14:17:59.662 [main] WARN  utilities.DriverFactory - No browser specified. Defaulting to Chrome
2026-06-13 14:17:59.662 [main] INFO  utilities.DriverFactory - No driver found. Creating new driver for: chrome
2026-06-13 14:17:59.662 [main] INFO  utilities.DriverFactory - Initializing driver for: chrome
2026-06-13 14:17:59.662 [main] INFO  utilities.DriverFactory - Starting ChromeDriver
2026-06-13 14:18:01.115 [main] INFO  testcases.BaseTest - Navigating to SauceDemo
2026-06-13 14:18:07.515 [main] INFO  testcases.BaseTest - Closing browser
2026-06-13 14:18:07.515 [main] INFO  utilities.DriverFactory - Closing browser
2026-06-13 14:18:07.821 [main] INFO  testcases.BaseTest - Opening browser
2026-06-13 14:18:07.822 [main] WARN  utilities.DriverFactory - No browser specified. Defaulting to Chrome
2026-06-13 14:18:07.822 [main] INFO  utilities.DriverFactory - No driver found. Creating new driver for: chrome
2026-06-13 14:18:07.822 [main] INFO  utilities.DriverFactory - Initializing driver for: chrome
2026-06-13 14:18:07.822 [main] INFO  utilities.DriverFactory - Starting ChromeDriver
2026-06-13 14:18:09.042 [main] INFO  testcases.BaseTest - Navigating to SauceDemo
2026-06-13 14:18:10.195 [main] INFO  testcases.BaseTest - Closing browser
2026-06-13 14:18:10.195 [main] INFO  utilities.DriverFactory - Closing browser
2026-06-13 14:18:10.353 [main] INFO  testcases.BaseTest - Opening browser
2026-06-13 14:18:10.353 [main] WARN  utilities.DriverFactory - No browser specified. Defaulting to Chrome
2026-06-13 14:18:10.353 [main] INFO  utilities.DriverFactory - No driver found. Creating new driver for: chrome
2026-06-13 14:18:10.353 [main] INFO  utilities.DriverFactory - Initializing driver for: chrome
2026-06-13 14:18:10.353 [main] INFO  utilities.DriverFactory - Starting ChromeDriver
2026-06-13 14:18:11.825 [main] INFO  testcases.BaseTest - Navigating to SauceDemo
2026-06-13 14:18:13.744 [main] INFO  testcases.BaseTest - Closing browser
2026-06-13 14:18:13.744 [main] INFO  utilities.DriverFactory - Closing browser
2026-06-13 14:18:13.976 [main] INFO  testcases.BaseTest - Opening browser
2026-06-13 14:18:13.977 [main] WARN  utilities.DriverFactory - No browser specified. Defaulting to Chrome
2026-06-13 14:18:13.977 [main] INFO  utilities.DriverFactory - No driver found. Creating new driver for: chrome
2026-06-13 14:18:13.977 [main] INFO  utilities.DriverFactory - Initializing driver for: chrome
2026-06-13 14:18:13.977 [main] INFO  utilities.DriverFactory - Starting ChromeDriver
2026-06-13 14:18:15.900 [main] INFO  testcases.BaseTest - Navigating to SauceDemo
2026-06-13 14:18:17.053 [main] INFO  testcases.BaseTest - Closing browser
2026-06-13 14:18:17.053 [main] INFO  utilities.DriverFactory - Closing browser
2026-06-13 14:18:17.212 [main] INFO  testcases.BaseTest - Opening browser
2026-06-13 14:18:17.212 [main] WARN  utilities.DriverFactory - No browser specified. Defaulting to Chrome
2026-06-13 14:18:17.212 [main] INFO  utilities.DriverFactory - No driver found. Creating new driver for: chrome
2026-06-13 14:18:17.212 [main] INFO  utilities.DriverFactory - Initializing driver for: chrome
2026-06-13 14:18:17.212 [main] INFO  utilities.DriverFactory - Starting ChromeDriver
2026-06-13 14:18:18.277 [main] INFO  testcases.BaseTest - Navigating to SauceDemo
2026-06-13 14:18:19.246 [main] INFO  testcases.BaseTest - Closing browser
2026-06-13 14:18:19.246 [main] INFO  utilities.DriverFactory - Closing browser
2026-06-13 14:25:50.327 [main] INFO  testcases.BaseTest - Opening browser
2026-06-13 14:25:50.331 [main] WARN  utilities.DriverFactory - No browser specified. Defaulting to Chrome
2026-06-13 14:25:50.331 [main] INFO  utilities.DriverFactory - No driver found. Creating new driver for: chrome
2026-06-13 14:25:50.333 [main] INFO  utilities.DriverFactory - Initializing driver for: chrome
2026-06-13 14:25:50.333 [main] INFO  utilities.DriverFactory - Starting ChromeDriver
2026-06-13 14:25:57.463 [main] INFO  testcases.BaseTest - Navigating to SauceDemo
2026-06-13 14:26:05.696 [main] INFO  testcases.BaseTest - Closing browser
2026-06-13 14:26:05.697 [main] INFO  utilities.DriverFactory - Closing browser
2026-06-13 14:26:06.328 [main] INFO  testcases.BaseTest - Opening browser
2026-06-13 14:26:06.329 [main] WARN  utilities.DriverFactory - No browser specified. Defaulting to Chrome
2026-06-13 14:26:06.329 [main] INFO  utilities.DriverFactory - No driver found. Creating new driver for: chrome
2026-06-13 14:26:06.329 [main] INFO  utilities.DriverFactory - Initializing driver for: chrome
2026-06-13 14:26:06.329 [main] INFO  utilities.DriverFactory - Starting ChromeDriver
2026-06-13 14:26:07.354 [main] INFO  testcases.BaseTest - Navigating to SauceDemo
2026-06-13 14:26:09.539 [main] INFO  testcases.BaseTest - Closing browser
2026-06-13 14:26:09.539 [main] INFO  utilities.DriverFactory - Closing browser
2026-06-13 14:26:09.704 [main] INFO  testcases.BaseTest - Opening browser
2026-06-13 14:26:09.705 [main] WARN  utilities.DriverFactory - No browser specified. Defaulting to Chrome
2026-06-13 14:26:09.705 [main] INFO  utilities.DriverFactory - No driver found. Creating new driver for: chrome
2026-06-13 14:26:09.705 [main] INFO  utilities.DriverFactory - Initializing driver for: chrome
2026-06-13 14:26:09.705 [main] INFO  utilities.DriverFactory - Starting ChromeDriver
2026-06-13 14:26:10.640 [main] INFO  testcases.BaseTest - Navigating to SauceDemo
2026-06-13 14:26:13.120 [main] INFO  testcases.BaseTest - Closing browser
2026-06-13 14:26:13.120 [main] INFO  utilities.DriverFactory - Closing browser
2026-06-13 14:26:13.312 [main] INFO  testcases.BaseTest - Opening browser
2026-06-13 14:26:13.312 [main] WARN  utilities.DriverFactory - No browser specified. Defaulting to Chrome
2026-06-13 14:26:13.312 [main] INFO  utilities.DriverFactory - No driver found. Creating new driver for: chrome
2026-06-13 14:26:13.312 [main] INFO  utilities.DriverFactory - Initializing driver for: chrome
2026-06-13 14:26:13.312 [main] INFO  utilities.DriverFactory - Starting ChromeDriver
2026-06-13 14:26:14.754 [main] INFO  testcases.BaseTest - Navigating to SauceDemo
2026-06-13 14:26:16.779 [main] INFO  testcases.BaseTest - Closing browser
2026-06-13 14:26:16.779 [main] INFO  utilities.DriverFactory - Closing browser
2026-06-13 14:26:16.971 [main] INFO  testcases.BaseTest - Opening browser
2026-06-13 14:26:16.971 [main] WARN  utilities.DriverFactory - No browser specified. Defaulting to Chrome
2026-06-13 14:26:16.972 [main] INFO  utilities.DriverFactory - No driver found. Creating new driver for: chrome
2026-06-13 14:26:16.972 [main] INFO  utilities.DriverFactory - Initializing driver for: chrome
2026-06-13 14:26:16.972 [main] INFO  utilities.DriverFactory - Starting ChromeDriver
2026-06-13 14:26:18.088 [main] INFO  testcases.BaseTest - Navigating to SauceDemo
2026-06-13 14:26:29.602 [main] INFO  testcases.BaseTest - Closing browser
2026-06-13 14:26:29.602 [main] INFO  utilities.DriverFactory - Closing browser
2026-06-13 14:26:29.862 [main] INFO  testcases.BaseTest - Opening browser
2026-06-13 14:26:29.862 [main] WARN  utilities.DriverFactory - No browser specified. Defaulting to Chrome
2026-06-13 14:26:29.862 [main] INFO  utilities.DriverFactory - No driver found. Creating new driver for: chrome
2026-06-13 14:26:29.863 [main] INFO  utilities.DriverFactory - Initializing driver for: chrome
2026-06-13 14:26:29.863 [main] INFO  utilities.DriverFactory - Starting ChromeDriver
2026-06-13 14:26:31.153 [main] INFO  testcases.BaseTest - Navigating to SauceDemo
2026-06-13 14:26:43.040 [main] INFO  testcases.BaseTest - Closing browser
2026-06-13 14:26:43.040 [main] INFO  utilities.DriverFactory - Closing browser
2026-06-13 14:26:43.602 [main] INFO  testcases.BaseTest - Opening browser
2026-06-13 14:26:43.603 [main] WARN  utilities.DriverFactory - No browser specified. Defaulting to Chrome
2026-06-13 14:26:43.603 [main] INFO  utilities.DriverFactory - No driver found. Creating new driver for: chrome
2026-06-13 14:26:43.603 [main] INFO  utilities.DriverFactory - Initializing driver for: chrome
2026-06-13 14:26:43.603 [main] INFO  utilities.DriverFactory - Starting ChromeDriver
2026-06-13 14:26:44.776 [main] INFO  testcases.BaseTest - Navigating to SauceDemo
2026-06-13 14:26:46.752 [main] INFO  testcases.BaseTest - Closing browser
2026-06-13 14:26:46.752 [main] INFO  utilities.DriverFactory - Closing browser
2026-06-13 14:26:46.915 [main] INFO  testcases.BaseTest - Opening browser
2026-06-13 14:26:46.915 [main] WARN  utilities.DriverFactory - No browser specified. Defaulting to Chrome
2026-06-13 14:26:46.915 [main] INFO  utilities.DriverFactory - No driver found. Creating new driver for: chrome
2026-06-13 14:26:46.915 [main] INFO  utilities.DriverFactory - Initializing driver for: chrome
2026-06-13 14:26:46.915 [main] INFO  utilities.DriverFactory - Starting ChromeDriver
2026-06-13 14:26:47.917 [main] INFO  testcases.BaseTest - Navigating to SauceDemo
2026-06-13 14:26:57.151 [main] INFO  testcases.BaseTest - Closing browser
2026-06-13 14:26:57.152 [main] INFO  utilities.DriverFactory - Closing browser
2026-06-13 14:26:57.860 [main] INFO  testcases.BaseTest - Opening browser
2026-06-13 14:26:57.860 [main] WARN  utilities.DriverFactory - No browser specified. Defaulting to Chrome
2026-06-13 14:26:57.861 [main] INFO  utilities.DriverFactory - No driver found. Creating new driver for: chrome
2026-06-13 14:26:57.861 [main] INFO  utilities.DriverFactory - Initializing driver for: chrome
2026-06-13 14:26:57.861 [main] INFO  utilities.DriverFactory - Starting ChromeDriver
2026-06-13 14:26:59.157 [main] INFO  testcases.BaseTest - Navigating to SauceDemo
2026-06-13 14:27:06.391 [main] INFO  testcases.BaseTest - Closing browser
2026-06-13 14:27:06.391 [main] INFO  utilities.DriverFactory - Closing browser
2026-06-13 14:27:06.900 [main] INFO  testcases.BaseTest - Opening browser
2026-06-13 14:27:06.901 [main] WARN  utilities.DriverFactory - No browser specified. Defaulting to Chrome
2026-06-13 14:27:06.902 [main] INFO  utilities.DriverFactory - No driver found. Creating new driver for: chrome
2026-06-13 14:27:06.902 [main] INFO  utilities.DriverFactory - Initializing driver for: chrome
2026-06-13 14:27:06.902 [main] INFO  utilities.DriverFactory - Starting ChromeDriver
2026-06-13 14:27:08.843 [main] INFO  testcases.BaseTest - Navigating to SauceDemo
2026-06-13 14:27:10.194 [main] INFO  testcases.BaseTest - Closing browser
2026-06-13 14:27:10.194 [main] INFO  utilities.DriverFactory - Closing browser
2026-06-13 14:27:10.341 [main] INFO  testcases.BaseTest - Opening browser
2026-06-13 14:27:10.341 [main] WARN  utilities.DriverFactory - No browser specified. Defaulting to Chrome
2026-06-13 14:27:10.341 [main] INFO  utilities.DriverFactory - No driver found. Creating new driver for: chrome
2026-06-13 14:27:10.341 [main] INFO  utilities.DriverFactory - Initializing driver for: chrome
2026-06-13 14:27:10.341 [main] INFO  utilities.DriverFactory - Starting ChromeDriver
2026-06-13 14:27:11.319 [main] INFO  testcases.BaseTest - Navigating to SauceDemo
2026-06-13 14:27:13.810 [main] INFO  testcases.BaseTest - Closing browser
2026-06-13 14:27:13.810 [main] INFO  utilities.DriverFactory - Closing browser
2026-06-13 14:27:14.031 [main] INFO  testcases.BaseTest - Opening browser
2026-06-13 14:27:14.031 [main] WARN  utilities.DriverFactory - No browser specified. Defaulting to Chrome
2026-06-13 14:27:14.031 [main] INFO  utilities.DriverFactory - No driver found. Creating new driver for: chrome
2026-06-13 14:27:14.031 [main] INFO  utilities.DriverFactory - Initializing driver for: chrome
2026-06-13 14:27:14.031 [main] INFO  utilities.DriverFactory - Starting ChromeDriver
2026-06-13 14:27:15.130 [main] INFO  testcases.BaseTest - Navigating to SauceDemo
2026-06-13 14:27:16.466 [main] INFO  testcases.BaseTest - Closing browser
2026-06-13 14:27:16.466 [main] INFO  utilities.DriverFactory - Closing browser
2026-06-13 14:27:17.135 [main] INFO  testcases.BaseTest - Opening browser
2026-06-13 14:27:17.136 [main] WARN  utilities.DriverFactory - No browser specified. Defaulting to Chrome
2026-06-13 14:27:17.136 [main] INFO  utilities.DriverFactory - No driver found. Creating new driver for: chrome
2026-06-13 14:27:17.136 [main] INFO  utilities.DriverFactory - Initializing driver for: chrome
2026-06-13 14:27:17.136 [main] INFO  utilities.DriverFactory - Starting ChromeDriver
2026-06-13 14:27:18.152 [main] INFO  testcases.BaseTest - Navigating to SauceDemo
2026-06-13 14:27:19.421 [main] INFO  testcases.BaseTest - Closing browser
2026-06-13 14:27:19.421 [main] INFO  utilities.DriverFactory - Closing browser
2026-06-13 14:27:19.592 [main] INFO  testcases.BaseTest - Opening browser
2026-06-13 14:27:19.592 [main] WARN  utilities.DriverFactory - No browser specified. Defaulting to Chrome
2026-06-13 14:27:19.592 [main] INFO  utilities.DriverFactory - No driver found. Creating new driver for: chrome
2026-06-13 14:27:19.592 [main] INFO  utilities.DriverFactory - Initializing driver for: chrome
2026-06-13 14:27:19.592 [main] INFO  utilities.DriverFactory - Starting ChromeDriver
2026-06-13 14:27:20.923 [main] INFO  testcases.BaseTest - Navigating to SauceDemo
2026-06-13 14:27:22.584 [main] INFO  testcases.BaseTest - Closing browser
2026-06-13 14:27:22.585 [main] INFO  utilities.DriverFactory - Closing browser
2026-06-13 14:27:22.938 [main] INFO  testcases.BaseTest - Opening browser
2026-06-13 14:27:22.938 [main] WARN  utilities.DriverFactory - No browser specified. Defaulting to Chrome
2026-06-13 14:27:22.938 [main] INFO  utilities.DriverFactory - No driver found. Creating new driver for: chrome
2026-06-13 14:27:22.938 [main] INFO  utilities.DriverFactory - Initializing driver for: chrome
2026-06-13 14:27:22.938 [main] INFO  utilities.DriverFactory - Starting ChromeDriver
2026-06-13 14:27:24.975 [main] INFO  testcases.BaseTest - Navigating to SauceDemo
2026-06-13 14:27:26.447 [main] INFO  testcases.BaseTest - Closing browser
2026-06-13 14:27:26.447 [main] INFO  utilities.DriverFactory - Closing browser
2026-06-13 14:27:26.692 [main] INFO  testcases.BaseTest - Opening browser
2026-06-13 14:27:26.692 [main] WARN  utilities.DriverFactory - No browser specified. Defaulting to Chrome
2026-06-13 14:27:26.692 [main] INFO  utilities.DriverFactory - No driver found. Creating new driver for: chrome
2026-06-13 14:27:26.692 [main] INFO  utilities.DriverFactory - Initializing driver for: chrome
2026-06-13 14:27:26.692 [main] INFO  utilities.DriverFactory - Starting ChromeDriver
2026-06-13 14:27:27.989 [main] INFO  testcases.BaseTest - Navigating to SauceDemo
2026-06-13 14:27:34.339 [main] INFO  testcases.BaseTest - Closing browser
2026-06-13 14:27:34.339 [main] INFO  utilities.DriverFactory - Closing browser
2026-06-13 14:27:34.491 [main] INFO  testcases.BaseTest - Opening browser
2026-06-13 14:27:34.491 [main] WARN  utilities.DriverFactory - No browser specified. Defaulting to Chrome
2026-06-13 14:27:34.491 [main] INFO  utilities.DriverFactory - No driver found. Creating new driver for: chrome
2026-06-13 14:27:34.491 [main] INFO  utilities.DriverFactory - Initializing driver for: chrome
2026-06-13 14:27:34.491 [main] INFO  utilities.DriverFactory - Starting ChromeDriver
2026-06-13 14:27:35.469 [main] INFO  testcases.BaseTest - Navigating to SauceDemo
2026-06-13 14:27:37.176 [main] INFO  testcases.BaseTest - Closing browser
2026-06-13 14:27:37.176 [main] INFO  utilities.DriverFactory - Closing browser
2026-06-13 14:27:37.352 [main] INFO  testcases.BaseTest - Opening browser
2026-06-13 14:27:37.352 [main] WARN  utilities.DriverFactory - No browser specified. Defaulting to Chrome
2026-06-13 14:27:37.352 [main] INFO  utilities.DriverFactory - No driver found. Creating new driver for: chrome
2026-06-13 14:27:37.352 [main] INFO  utilities.DriverFactory - Initializing driver for: chrome
2026-06-13 14:27:37.352 [main] INFO  utilities.DriverFactory - Starting ChromeDriver
2026-06-13 14:27:39.405 [main] INFO  testcases.BaseTest - Navigating to SauceDemo
2026-06-13 14:27:41.519 [main] INFO  testcases.BaseTest - Closing browser
2026-06-13 14:27:41.520 [main] INFO  utilities.DriverFactory - Closing browser
2026-06-13 14:27:42.077 [main] INFO  testcases.BaseTest - Opening browser
2026-06-13 14:27:42.077 [main] WARN  utilities.DriverFactory - No browser specified. Defaulting to Chrome
2026-06-13 14:27:42.077 [main] INFO  utilities.DriverFactory - No driver found. Creating new driver for: chrome
2026-06-13 14:27:42.077 [main] INFO  utilities.DriverFactory - Initializing driver for: chrome
2026-06-13 14:27:42.078 [main] INFO  utilities.DriverFactory - Starting ChromeDriver
2026-06-13 14:27:44.049 [main] INFO  testcases.BaseTest - Navigating to SauceDemo
2026-06-13 14:27:45.504 [main] INFO  testcases.BaseTest - Closing browser
2026-06-13 14:27:45.505 [main] INFO  utilities.DriverFactory - Closing browser
2026-06-13 14:27:45.695 [main] INFO  testcases.BaseTest - Opening browser
2026-06-13 14:27:45.696 [main] WARN  utilities.DriverFactory - No browser specified. Defaulting to Chrome
2026-06-13 14:27:45.696 [main] INFO  utilities.DriverFactory - No driver found. Creating new driver for: chrome
2026-06-13 14:27:45.696 [main] INFO  utilities.DriverFactory - Initializing driver for: chrome
2026-06-13 14:27:45.696 [main] INFO  utilities.DriverFactory - Starting ChromeDriver
2026-06-13 14:27:46.979 [main] INFO  testcases.BaseTest - Navigating to SauceDemo
2026-06-13 14:27:47.918 [main] INFO  testcases.BaseTest - Closing browser
2026-06-13 14:27:47.918 [main] INFO  utilities.DriverFactory - Closing browser
2026-06-13 14:28:14.766 [main] INFO  testcases.BaseTest - Opening browser
2026-06-13 14:28:14.770 [main] WARN  utilities.DriverFactory - No browser specified. Defaulting to Chrome
2026-06-13 14:28:14.770 [main] INFO  utilities.DriverFactory - No driver found. Creating new driver for: chrome
2026-06-13 14:28:14.772 [main] INFO  utilities.DriverFactory - Initializing driver for: chrome
2026-06-13 14:28:14.772 [main] INFO  utilities.DriverFactory - Starting ChromeDriver
2026-06-13 14:28:17.341 [main] INFO  testcases.BaseTest - Navigating to SauceDemo
2026-06-13 14:28:30.699 [main] INFO  testcases.BaseTest - Closing browser
2026-06-13 14:28:30.699 [main] INFO  utilities.DriverFactory - Closing browser
2026-06-13 14:28:31.537 [main] INFO  testcases.BaseTest - Opening browser
2026-06-13 14:28:31.539 [main] WARN  utilities.DriverFactory - No browser specified. Defaulting to Chrome
2026-06-13 14:28:31.540 [main] INFO  utilities.DriverFactory - No driver found. Creating new driver for: chrome
2026-06-13 14:28:31.541 [main] INFO  utilities.DriverFactory - Initializing driver for: chrome
2026-06-13 14:28:31.543 [main] INFO  utilities.DriverFactory - Starting ChromeDriver
2026-06-13 14:28:36.108 [main] INFO  testcases.BaseTest - Navigating to SauceDemo
2026-06-13 14:28:39.137 [main] INFO  testcases.BaseTest - Closing browser
2026-06-13 14:28:39.137 [main] INFO  utilities.DriverFactory - Closing browser
2026-06-13 14:28:39.297 [main] INFO  testcases.BaseTest - Opening browser
2026-06-13 14:28:39.297 [main] WARN  utilities.DriverFactory - No browser specified. Defaulting to Chrome
2026-06-13 14:28:39.297 [main] INFO  utilities.DriverFactory - No driver found. Creating new driver for: chrome
2026-06-13 14:28:39.297 [main] INFO  utilities.DriverFactory - Initializing driver for: chrome
2026-06-13 14:28:39.297 [main] INFO  utilities.DriverFactory - Starting ChromeDriver
2026-06-13 14:28:40.391 [main] INFO  testcases.BaseTest - Navigating to SauceDemo
2026-06-13 14:28:42.395 [main] INFO  testcases.BaseTest - Closing browser
2026-06-13 14:28:42.396 [main] INFO  utilities.DriverFactory - Closing browser
2026-06-13 14:28:42.537 [main] INFO  testcases.BaseTest - Opening browser
2026-06-13 14:28:42.538 [main] WARN  utilities.DriverFactory - No browser specified. Defaulting to Chrome
2026-06-13 14:28:42.538 [main] INFO  utilities.DriverFactory - No driver found. Creating new driver for: chrome
2026-06-13 14:28:42.538 [main] INFO  utilities.DriverFactory - Initializing driver for: chrome
2026-06-13 14:28:42.538 [main] INFO  utilities.DriverFactory - Starting ChromeDriver
2026-06-13 14:28:43.687 [main] INFO  testcases.BaseTest - Navigating to SauceDemo
2026-06-13 14:28:46.142 [main] INFO  testcases.BaseTest - Closing browser
2026-06-13 14:28:46.142 [main] INFO  utilities.DriverFactory - Closing browser
2026-06-13 14:28:46.324 [main] INFO  testcases.BaseTest - Opening browser
2026-06-13 14:28:46.324 [main] WARN  utilities.DriverFactory - No browser specified. Defaulting to Chrome
2026-06-13 14:28:46.325 [main] INFO  utilities.DriverFactory - No driver found. Creating new driver for: chrome
2026-06-13 14:28:46.325 [main] INFO  utilities.DriverFactory - Initializing driver for: chrome
2026-06-13 14:28:46.325 [main] INFO  utilities.DriverFactory - Starting ChromeDriver
2026-06-13 14:28:47.570 [main] INFO  testcases.BaseTest - Navigating to SauceDemo
2026-06-13 14:28:50.950 [main] INFO  testcases.BaseTest - Closing browser
2026-06-13 14:28:50.950 [main] INFO  utilities.DriverFactory - Closing browser
2026-06-13 14:28:51.287 [main] INFO  testcases.BaseTest - Opening browser
2026-06-13 14:28:51.288 [main] WARN  utilities.DriverFactory - No browser specified. Defaulting to Chrome
2026-06-13 14:28:51.288 [main] INFO  utilities.DriverFactory - No driver found. Creating new driver for: chrome
2026-06-13 14:28:51.288 [main] INFO  utilities.DriverFactory - Initializing driver for: chrome
2026-06-13 14:28:51.288 [main] INFO  utilities.DriverFactory - Starting ChromeDriver
2026-06-13 14:28:52.599 [main] INFO  testcases.BaseTest - Navigating to SauceDemo
2026-06-13 14:29:14.398 [main] INFO  testcases.BaseTest - Closing browser
2026-06-13 14:29:14.398 [main] INFO  utilities.DriverFactory - Closing browser
2026-06-13 14:29:14.684 [main] INFO  testcases.BaseTest - Opening browser
2026-06-13 14:29:14.684 [main] WARN  utilities.DriverFactory - No browser specified. Defaulting to Chrome
2026-06-13 14:29:14.684 [main] INFO  utilities.DriverFactory - No driver found. Creating new driver for: chrome
2026-06-13 14:29:14.684 [main] INFO  utilities.DriverFactory - Initializing driver for: chrome
2026-06-13 14:29:14.684 [main] INFO  utilities.DriverFactory - Starting ChromeDriver
2026-06-13 14:29:15.567 [main] INFO  testcases.BaseTest - Navigating to SauceDemo
2026-06-13 14:29:17.801 [main] INFO  testcases.BaseTest - Closing browser
2026-06-13 14:29:17.801 [main] INFO  utilities.DriverFactory - Closing browser
2026-06-13 14:29:17.971 [main] INFO  testcases.BaseTest - Opening browser
2026-06-13 14:29:17.971 [main] WARN  utilities.DriverFactory - No browser specified. Defaulting to Chrome
2026-06-13 14:29:17.971 [main] INFO  utilities.DriverFactory - No driver found. Creating new driver for: chrome
2026-06-13 14:29:17.972 [main] INFO  utilities.DriverFactory - Initializing driver for: chrome
2026-06-13 14:29:17.972 [main] INFO  utilities.DriverFactory - Starting ChromeDriver
2026-06-13 14:29:19.146 [main] INFO  testcases.BaseTest - Navigating to SauceDemo
2026-06-13 14:29:35.417 [main] INFO  testcases.BaseTest - Closing browser
2026-06-13 14:29:35.417 [main] INFO  utilities.DriverFactory - Closing browser
2026-06-13 14:29:35.702 [main] INFO  testcases.BaseTest - Opening browser
2026-06-13 14:29:35.703 [main] WARN  utilities.DriverFactory - No browser specified. Defaulting to Chrome
2026-06-13 14:29:35.703 [main] INFO  utilities.DriverFactory - No driver found. Creating new driver for: chrome
2026-06-13 14:29:35.703 [main] INFO  utilities.DriverFactory - Initializing driver for: chrome
2026-06-13 14:29:35.703 [main] INFO  utilities.DriverFactory - Starting ChromeDriver
2026-06-13 14:29:36.605 [main] INFO  testcases.BaseTest - Navigating to SauceDemo
2026-06-13 14:29:48.622 [main] INFO  testcases.BaseTest - Closing browser
2026-06-13 14:29:48.622 [main] INFO  utilities.DriverFactory - Closing browser
2026-06-13 14:29:49.011 [main] INFO  testcases.BaseTest - Opening browser
2026-06-13 14:29:49.012 [main] WARN  utilities.DriverFactory - No browser specified. Defaulting to Chrome
2026-06-13 14:29:49.012 [main] INFO  utilities.DriverFactory - No driver found. Creating new driver for: chrome
2026-06-13 14:29:49.012 [main] INFO  utilities.DriverFactory - Initializing driver for: chrome
2026-06-13 14:29:49.012 [main] INFO  utilities.DriverFactory - Starting ChromeDriver
2026-06-13 14:29:50.200 [main] INFO  testcases.BaseTest - Navigating to SauceDemo
2026-06-13 14:29:52.369 [main] INFO  testcases.BaseTest - Closing browser
2026-06-13 14:29:52.369 [main] INFO  utilities.DriverFactory - Closing browser
2026-06-13 14:29:52.541 [main] INFO  testcases.BaseTest - Opening browser
2026-06-13 14:29:52.541 [main] WARN  utilities.DriverFactory - No browser specified. Defaulting to Chrome
2026-06-13 14:29:52.541 [main] INFO  utilities.DriverFactory - No driver found. Creating new driver for: chrome
2026-06-13 14:29:52.541 [main] INFO  utilities.DriverFactory - Initializing driver for: chrome
2026-06-13 14:29:52.541 [main] INFO  utilities.DriverFactory - Starting ChromeDriver
2026-06-13 14:29:53.930 [main] INFO  testcases.BaseTest - Navigating to SauceDemo
2026-06-13 14:30:04.838 [main] INFO  testcases.BaseTest - Closing browser
2026-06-13 14:30:04.839 [main] INFO  utilities.DriverFactory - Closing browser
2026-06-13 14:30:05.034 [main] INFO  testcases.BaseTest - Opening browser
2026-06-13 14:30:05.034 [main] WARN  utilities.DriverFactory - No browser specified. Defaulting to Chrome
2026-06-13 14:30:05.034 [main] INFO  utilities.DriverFactory - No driver found. Creating new driver for: chrome
2026-06-13 14:30:05.034 [main] INFO  utilities.DriverFactory - Initializing driver for: chrome
2026-06-13 14:30:05.034 [main] INFO  utilities.DriverFactory - Starting ChromeDriver
2026-06-13 14:30:06.150 [main] INFO  testcases.BaseTest - Navigating to SauceDemo
2026-06-13 14:30:07.989 [main] INFO  testcases.BaseTest - Closing browser
2026-06-13 14:30:07.990 [main] INFO  utilities.DriverFactory - Closing browser
2026-06-13 14:30:08.151 [main] INFO  testcases.BaseTest - Opening browser
2026-06-13 14:30:08.152 [main] WARN  utilities.DriverFactory - No browser specified. Defaulting to Chrome
2026-06-13 14:30:08.152 [main] INFO  utilities.DriverFactory - No driver found. Creating new driver for: chrome
2026-06-13 14:30:08.152 [main] INFO  utilities.DriverFactory - Initializing driver for: chrome
2026-06-13 14:30:08.152 [main] INFO  utilities.DriverFactory - Starting ChromeDriver
2026-06-13 14:30:09.353 [main] INFO  testcases.BaseTest - Navigating to SauceDemo
2026-06-13 14:30:11.288 [main] INFO  testcases.BaseTest - Closing browser
2026-06-13 14:30:11.288 [main] INFO  utilities.DriverFactory - Closing browser
2026-06-13 14:30:11.459 [main] INFO  testcases.BaseTest - Opening browser
2026-06-13 14:30:11.459 [main] WARN  utilities.DriverFactory - No browser specified. Defaulting to Chrome
2026-06-13 14:30:11.459 [main] INFO  utilities.DriverFactory - No driver found. Creating new driver for: chrome
2026-06-13 14:30:11.460 [main] INFO  utilities.DriverFactory - Initializing driver for: chrome
2026-06-13 14:30:11.460 [main] INFO  utilities.DriverFactory - Starting ChromeDriver
2026-06-13 14:30:12.431 [main] INFO  testcases.BaseTest - Navigating to SauceDemo
2026-06-13 14:30:14.254 [main] INFO  testcases.BaseTest - Closing browser
2026-06-13 14:30:14.255 [main] INFO  utilities.DriverFactory - Closing browser
2026-06-13 14:30:14.471 [main] INFO  testcases.BaseTest - Opening browser
2026-06-13 14:30:14.471 [main] WARN  utilities.DriverFactory - No browser specified. Defaulting to Chrome
2026-06-13 14:30:14.471 [main] INFO  utilities.DriverFactory - No driver found. Creating new driver for: chrome
2026-06-13 14:30:14.471 [main] INFO  utilities.DriverFactory - Initializing driver for: chrome
2026-06-13 14:30:14.471 [main] INFO  utilities.DriverFactory - Starting ChromeDriver
2026-06-13 14:30:16.078 [main] INFO  testcases.BaseTest - Navigating to SauceDemo
2026-06-13 14:30:19.219 [main] INFO  testcases.BaseTest - Closing browser
2026-06-13 14:30:19.220 [main] INFO  utilities.DriverFactory - Closing browser
2026-06-13 14:30:19.350 [main] INFO  testcases.BaseTest - Opening browser
2026-06-13 14:30:19.351 [main] WARN  utilities.DriverFactory - No browser specified. Defaulting to Chrome
2026-06-13 14:30:19.351 [main] INFO  utilities.DriverFactory - No driver found. Creating new driver for: chrome
2026-06-13 14:30:19.351 [main] INFO  utilities.DriverFactory - Initializing driver for: chrome
2026-06-13 14:30:19.351 [main] INFO  utilities.DriverFactory - Starting ChromeDriver
2026-06-13 14:30:20.271 [main] INFO  testcases.BaseTest - Navigating to SauceDemo
2026-06-13 14:30:28.291 [main] INFO  testcases.BaseTest - Closing browser
2026-06-13 14:30:28.291 [main] INFO  utilities.DriverFactory - Closing browser
2026-06-13 14:30:28.599 [main] INFO  testcases.BaseTest - Opening browser
2026-06-13 14:30:28.600 [main] WARN  utilities.DriverFactory - No browser specified. Defaulting to Chrome
2026-06-13 14:30:28.600 [main] INFO  utilities.DriverFactory - No driver found. Creating new driver for: chrome
2026-06-13 14:30:28.600 [main] INFO  utilities.DriverFactory - Initializing driver for: chrome
2026-06-13 14:30:28.600 [main] INFO  utilities.DriverFactory - Starting ChromeDriver
2026-06-13 14:30:30.067 [main] INFO  testcases.BaseTest - Navigating to SauceDemo
2026-06-13 14:30:31.432 [main] INFO  testcases.BaseTest - Closing browser
2026-06-13 14:30:31.432 [main] INFO  utilities.DriverFactory - Closing browser
2026-06-13 14:30:31.658 [main] INFO  testcases.BaseTest - Opening browser
2026-06-13 14:30:31.658 [main] WARN  utilities.DriverFactory - No browser specified. Defaulting to Chrome
2026-06-13 14:30:31.658 [main] INFO  utilities.DriverFactory - No driver found. Creating new driver for: chrome
2026-06-13 14:30:31.658 [main] INFO  utilities.DriverFactory - Initializing driver for: chrome
2026-06-13 14:30:31.658 [main] INFO  utilities.DriverFactory - Starting ChromeDriver
2026-06-13 14:30:33.107 [main] INFO  testcases.BaseTest - Navigating to SauceDemo
2026-06-13 14:30:46.198 [main] INFO  testcases.BaseTest - Closing browser
2026-06-13 14:30:46.198 [main] INFO  utilities.DriverFactory - Closing browser
2026-06-13 14:30:46.409 [main] INFO  testcases.BaseTest - Opening browser
2026-06-13 14:30:46.409 [main] WARN  utilities.DriverFactory - No browser specified. Defaulting to Chrome
2026-06-13 14:30:46.409 [main] INFO  utilities.DriverFactory - No driver found. Creating new driver for: chrome
2026-06-13 14:30:46.409 [main] INFO  utilities.DriverFactory - Initializing driver for: chrome
2026-06-13 14:30:46.409 [main] INFO  utilities.DriverFactory - Starting ChromeDriver
2026-06-13 14:30:47.733 [main] INFO  testcases.BaseTest - Navigating to SauceDemo
2026-06-13 14:30:48.989 [main] INFO  testcases.BaseTest - Closing browser
2026-06-13 14:30:48.989 [main] INFO  utilities.DriverFactory - Closing browser
2026-06-13 14:30:49.198 [main] INFO  testcases.BaseTest - Opening browser
2026-06-13 14:30:49.199 [main] WARN  utilities.DriverFactory - No browser specified. Defaulting to Chrome
2026-06-13 14:30:49.199 [main] INFO  utilities.DriverFactory - No driver found. Creating new driver for: chrome
2026-06-13 14:30:49.199 [main] INFO  utilities.DriverFactory - Initializing driver for: chrome
2026-06-13 14:30:49.199 [main] INFO  utilities.DriverFactory - Starting ChromeDriver
2026-06-13 14:30:50.353 [main] INFO  testcases.BaseTest - Navigating to SauceDemo
2026-06-13 14:30:51.182 [main] INFO  testcases.BaseTest - Closing browser
2026-06-13 14:30:51.182 [main] INFO  utilities.DriverFactory - Closing browser
2026-06-13 14:32:51.438 [main] INFO  testcases.BaseTest - Opening browser
2026-06-13 14:32:51.453 [main] WARN  utilities.DriverFactory - No browser specified. Defaulting to Chrome
2026-06-13 14:32:51.453 [main] INFO  utilities.DriverFactory - No driver found. Creating new driver for: chrome
2026-06-13 14:32:51.456 [main] INFO  utilities.DriverFactory - Initializing driver for: chrome
2026-06-13 14:32:51.456 [main] INFO  utilities.DriverFactory - Starting ChromeDriver
2026-06-13 14:32:53.718 [main] INFO  testcases.BaseTest - Navigating to SauceDemo
2026-06-13 14:33:08.836 [main] INFO  testcases.BaseTest - Closing browser
2026-06-13 14:33:08.836 [main] INFO  utilities.DriverFactory - Closing browser
2026-06-13 14:33:09.118 [main] INFO  testcases.BaseTest - Opening browser
2026-06-13 14:33:09.118 [main] WARN  utilities.DriverFactory - No browser specified. Defaulting to Chrome
2026-06-13 14:33:09.119 [main] INFO  utilities.DriverFactory - No driver found. Creating new driver for: chrome
2026-06-13 14:33:09.119 [main] INFO  utilities.DriverFactory - Initializing driver for: chrome
2026-06-13 14:33:09.119 [main] INFO  utilities.DriverFactory - Starting ChromeDriver
2026-06-13 14:33:10.418 [main] INFO  testcases.BaseTest - Navigating to SauceDemo
2026-06-13 14:33:16.289 [main] INFO  testcases.BaseTest - Closing browser
2026-06-13 14:33:16.290 [main] INFO  utilities.DriverFactory - Closing browser
2026-06-13 14:33:18.648 [main] INFO  testcases.BaseTest - Opening browser
2026-06-13 14:33:18.648 [main] WARN  utilities.DriverFactory - No browser specified. Defaulting to Chrome
2026-06-13 14:33:18.648 [main] INFO  utilities.DriverFactory - No driver found. Creating new driver for: chrome
2026-06-13 14:33:18.649 [main] INFO  utilities.DriverFactory - Initializing driver for: chrome
2026-06-13 14:33:18.649 [main] INFO  utilities.DriverFactory - Starting ChromeDriver
2026-06-13 14:33:20.000 [main] INFO  testcases.BaseTest - Navigating to SauceDemo
2026-06-13 14:33:24.516 [main] INFO  testcases.BaseTest - Closing browser
2026-06-13 14:33:24.517 [main] INFO  utilities.DriverFactory - Closing browser
2026-06-13 14:33:24.680 [main] INFO  testcases.BaseTest - Opening browser
2026-06-13 14:33:24.681 [main] WARN  utilities.DriverFactory - No browser specified. Defaulting to Chrome
2026-06-13 14:33:24.681 [main] INFO  utilities.DriverFactory - No driver found. Creating new driver for: chrome
2026-06-13 14:33:24.681 [main] INFO  utilities.DriverFactory - Initializing driver for: chrome
2026-06-13 14:33:24.681 [main] INFO  utilities.DriverFactory - Starting ChromeDriver
2026-06-13 14:33:25.889 [main] INFO  testcases.BaseTest - Navigating to SauceDemo
2026-06-13 14:33:31.174 [main] INFO  testcases.BaseTest - Closing browser
2026-06-13 14:33:31.181 [main] INFO  utilities.DriverFactory - Closing browser
2026-06-13 14:33:32.490 [main] INFO  testcases.BaseTest - Opening browser
2026-06-13 14:33:32.492 [main] WARN  utilities.DriverFactory - No browser specified. Defaulting to Chrome
2026-06-13 14:33:32.493 [main] INFO  utilities.DriverFactory - No driver found. Creating new driver for: chrome
2026-06-13 14:33:32.494 [main] INFO  utilities.DriverFactory - Initializing driver for: chrome
2026-06-13 14:33:32.495 [main] INFO  utilities.DriverFactory - Starting ChromeDriver
2026-06-13 14:33:33.726 [main] INFO  testcases.BaseTest - Navigating to SauceDemo
2026-06-13 14:33:48.848 [main] INFO  testcases.BaseTest - Closing browser
2026-06-13 14:33:48.848 [main] INFO  utilities.DriverFactory - Closing browser
2026-06-13 14:33:49.042 [main] INFO  testcases.BaseTest - Opening browser
2026-06-13 14:33:49.043 [main] WARN  utilities.DriverFactory - No browser specified. Defaulting to Chrome
2026-06-13 14:33:49.043 [main] INFO  utilities.DriverFactory - No driver found. Creating new driver for: chrome
2026-06-13 14:33:49.043 [main] INFO  utilities.DriverFactory - Initializing driver for: chrome
2026-06-13 14:33:49.043 [main] INFO  utilities.DriverFactory - Starting ChromeDriver
2026-06-13 14:33:50.426 [main] INFO  testcases.BaseTest - Navigating to SauceDemo
2026-06-13 14:34:08.192 [main] INFO  testcases.BaseTest - Closing browser
2026-06-13 14:34:08.193 [main] INFO  utilities.DriverFactory - Closing browser
2026-06-13 14:34:08.398 [main] INFO  testcases.BaseTest - Opening browser
2026-06-13 14:34:08.398 [main] WARN  utilities.DriverFactory - No browser specified. Defaulting to Chrome
2026-06-13 14:34:08.398 [main] INFO  utilities.DriverFactory - No driver found. Creating new driver for: chrome
2026-06-13 14:34:08.398 [main] INFO  utilities.DriverFactory - Initializing driver for: chrome
2026-06-13 14:34:08.398 [main] INFO  utilities.DriverFactory - Starting ChromeDriver
2026-06-13 14:34:09.220 [main] INFO  testcases.BaseTest - Navigating to SauceDemo
2026-06-13 14:34:11.211 [main] INFO  testcases.BaseTest - Closing browser
2026-06-13 14:34:11.211 [main] INFO  utilities.DriverFactory - Closing browser
2026-06-13 14:34:11.366 [main] INFO  testcases.BaseTest - Opening browser
2026-06-13 14:34:11.366 [main] WARN  utilities.DriverFactory - No browser specified. Defaulting to Chrome
2026-06-13 14:34:11.366 [main] INFO  utilities.DriverFactory - No driver found. Creating new driver for: chrome
2026-06-13 14:34:11.366 [main] INFO  utilities.DriverFactory - Initializing driver for: chrome
2026-06-13 14:34:11.366 [main] INFO  utilities.DriverFactory - Starting ChromeDriver
2026-06-13 14:34:12.822 [main] INFO  testcases.BaseTest - Navigating to SauceDemo
2026-06-13 14:34:25.680 [main] INFO  testcases.BaseTest - Closing browser
2026-06-13 14:34:25.681 [main] INFO  utilities.DriverFactory - Closing browser
2026-06-13 14:34:25.875 [main] INFO  testcases.BaseTest - Opening browser
2026-06-13 14:34:25.875 [main] WARN  utilities.DriverFactory - No browser specified. Defaulting to Chrome
2026-06-13 14:34:25.875 [main] INFO  utilities.DriverFactory - No driver found. Creating new driver for: chrome
2026-06-13 14:34:25.875 [main] INFO  utilities.DriverFactory - Initializing driver for: chrome
2026-06-13 14:34:25.875 [main] INFO  utilities.DriverFactory - Starting ChromeDriver
2026-06-13 14:34:27.122 [main] INFO  testcases.BaseTest - Navigating to SauceDemo
2026-06-13 14:34:39.486 [main] INFO  testcases.BaseTest - Closing browser
2026-06-13 14:34:39.487 [main] INFO  utilities.DriverFactory - Closing browser
2026-06-13 14:34:39.725 [main] INFO  testcases.BaseTest - Opening browser
2026-06-13 14:34:39.725 [main] WARN  utilities.DriverFactory - No browser specified. Defaulting to Chrome
2026-06-13 14:34:39.725 [main] INFO  utilities.DriverFactory - No driver found. Creating new driver for: chrome
2026-06-13 14:34:39.725 [main] INFO  utilities.DriverFactory - Initializing driver for: chrome
2026-06-13 14:34:39.725 [main] INFO  utilities.DriverFactory - Starting ChromeDriver
2026-06-13 14:34:40.761 [main] INFO  testcases.BaseTest - Navigating to SauceDemo
2026-06-13 14:34:42.261 [main] INFO  testcases.BaseTest - Closing browser
2026-06-13 14:34:42.261 [main] INFO  utilities.DriverFactory - Closing browser
2026-06-13 14:34:42.416 [main] INFO  testcases.BaseTest - Opening browser
2026-06-13 14:34:42.417 [main] WARN  utilities.DriverFactory - No browser specified. Defaulting to Chrome
2026-06-13 14:34:42.417 [main] INFO  utilities.DriverFactory - No driver found. Creating new driver for: chrome
2026-06-13 14:34:42.417 [main] INFO  utilities.DriverFactory - Initializing driver for: chrome
2026-06-13 14:34:42.417 [main] INFO  utilities.DriverFactory - Starting ChromeDriver
2026-06-13 14:34:43.562 [main] INFO  testcases.BaseTest - Navigating to SauceDemo
2026-06-13 14:34:54.068 [main] INFO  testcases.BaseTest - Closing browser
2026-06-13 14:34:54.068 [main] INFO  utilities.DriverFactory - Closing browser
2026-06-13 14:34:54.256 [main] INFO  testcases.BaseTest - Opening browser
2026-06-13 14:34:54.257 [main] WARN  utilities.DriverFactory - No browser specified. Defaulting to Chrome
2026-06-13 14:34:54.257 [main] INFO  utilities.DriverFactory - No driver found. Creating new driver for: chrome
2026-06-13 14:34:54.257 [main] INFO  utilities.DriverFactory - Initializing driver for: chrome
2026-06-13 14:34:54.257 [main] INFO  utilities.DriverFactory - Starting ChromeDriver
2026-06-13 14:34:55.755 [main] INFO  testcases.BaseTest - Navigating to SauceDemo
2026-06-13 14:34:56.879 [main] INFO  testcases.BaseTest - Closing browser
2026-06-13 14:34:56.879 [main] INFO  utilities.DriverFactory - Closing browser
2026-06-13 14:34:57.028 [main] INFO  testcases.BaseTest - Opening browser
2026-06-13 14:34:57.028 [main] WARN  utilities.DriverFactory - No browser specified. Defaulting to Chrome
2026-06-13 14:34:57.028 [main] INFO  utilities.DriverFactory - No driver found. Creating new driver for: chrome
2026-06-13 14:34:57.028 [main] INFO  utilities.DriverFactory - Initializing driver for: chrome
2026-06-13 14:34:57.029 [main] INFO  utilities.DriverFactory - Starting ChromeDriver
2026-06-13 14:34:57.876 [main] INFO  testcases.BaseTest - Navigating to SauceDemo
2026-06-13 14:34:59.408 [main] INFO  testcases.BaseTest - Closing browser
2026-06-13 14:34:59.408 [main] INFO  utilities.DriverFactory - Closing browser
2026-06-13 14:34:59.560 [main] INFO  testcases.BaseTest - Opening browser
2026-06-13 14:34:59.560 [main] WARN  utilities.DriverFactory - No browser specified. Defaulting to Chrome
2026-06-13 14:34:59.560 [main] INFO  utilities.DriverFactory - No driver found. Creating new driver for: chrome
2026-06-13 14:34:59.560 [main] INFO  utilities.DriverFactory - Initializing driver for: chrome
2026-06-13 14:34:59.560 [main] INFO  utilities.DriverFactory - Starting ChromeDriver
2026-06-13 14:35:00.681 [main] INFO  testcases.BaseTest - Navigating to SauceDemo
2026-06-13 14:35:02.079 [main] INFO  testcases.BaseTest - Closing browser
2026-06-13 14:35:02.079 [main] INFO  utilities.DriverFactory - Closing browser
2026-06-13 14:35:02.212 [main] INFO  testcases.BaseTest - Opening browser
2026-06-13 14:35:02.212 [main] WARN  utilities.DriverFactory - No browser specified. Defaulting to Chrome
2026-06-13 14:35:02.212 [main] INFO  utilities.DriverFactory - No driver found. Creating new driver for: chrome
2026-06-13 14:35:02.212 [main] INFO  utilities.DriverFactory - Initializing driver for: chrome
2026-06-13 14:35:02.212 [main] INFO  utilities.DriverFactory - Starting ChromeDriver
2026-06-13 14:35:03.234 [main] INFO  testcases.BaseTest - Navigating to SauceDemo
2026-06-13 14:35:04.787 [main] INFO  testcases.BaseTest - Closing browser
2026-06-13 14:35:04.787 [main] INFO  utilities.DriverFactory - Closing browser
2026-06-13 14:35:05.021 [main] INFO  testcases.BaseTest - Opening browser
2026-06-13 14:35:05.021 [main] WARN  utilities.DriverFactory - No browser specified. Defaulting to Chrome
2026-06-13 14:35:05.021 [main] INFO  utilities.DriverFactory - No driver found. Creating new driver for: chrome
2026-06-13 14:35:05.021 [main] INFO  utilities.DriverFactory - Initializing driver for: chrome
2026-06-13 14:35:05.022 [main] INFO  utilities.DriverFactory - Starting ChromeDriver
2026-06-13 14:35:06.149 [main] INFO  testcases.BaseTest - Navigating to SauceDemo
2026-06-13 14:35:13.317 [main] INFO  testcases.BaseTest - Closing browser
2026-06-13 14:35:13.317 [main] INFO  utilities.DriverFactory - Closing browser
2026-06-13 14:35:13.495 [main] INFO  testcases.BaseTest - Opening browser
2026-06-13 14:35:13.496 [main] WARN  utilities.DriverFactory - No browser specified. Defaulting to Chrome
2026-06-13 14:35:13.496 [main] INFO  utilities.DriverFactory - No driver found. Creating new driver for: chrome
2026-06-13 14:35:13.496 [main] INFO  utilities.DriverFactory - Initializing driver for: chrome
2026-06-13 14:35:13.496 [main] INFO  utilities.DriverFactory - Starting ChromeDriver
2026-06-13 14:35:14.630 [main] INFO  testcases.BaseTest - Navigating to SauceDemo
2026-06-13 14:35:16.330 [main] INFO  testcases.BaseTest - Closing browser
2026-06-13 14:35:16.330 [main] INFO  utilities.DriverFactory - Closing browser
2026-06-13 14:35:16.536 [main] INFO  testcases.BaseTest - Opening browser
2026-06-13 14:35:16.536 [main] WARN  utilities.DriverFactory - No browser specified. Defaulting to Chrome
2026-06-13 14:35:16.536 [main] INFO  utilities.DriverFactory - No driver found. Creating new driver for: chrome
2026-06-13 14:35:16.536 [main] INFO  utilities.DriverFactory - Initializing driver for: chrome
2026-06-13 14:35:16.536 [main] INFO  utilities.DriverFactory - Starting ChromeDriver
2026-06-13 14:35:17.813 [main] INFO  testcases.BaseTest - Navigating to SauceDemo
2026-06-13 14:35:30.250 [main] INFO  testcases.BaseTest - Closing browser
2026-06-13 14:35:30.250 [main] INFO  utilities.DriverFactory - Closing browser
2026-06-13 14:35:30.462 [main] INFO  testcases.BaseTest - Opening browser
2026-06-13 14:35:30.462 [main] WARN  utilities.DriverFactory - No browser specified. Defaulting to Chrome
2026-06-13 14:35:30.462 [main] INFO  utilities.DriverFactory - No driver found. Creating new driver for: chrome
2026-06-13 14:35:30.462 [main] INFO  utilities.DriverFactory - Initializing driver for: chrome
2026-06-13 14:35:30.462 [main] INFO  utilities.DriverFactory - Starting ChromeDriver
2026-06-13 14:35:31.541 [main] INFO  testcases.BaseTest - Navigating to SauceDemo
2026-06-13 14:35:33.010 [main] INFO  testcases.BaseTest - Closing browser
2026-06-13 14:35:33.011 [main] INFO  utilities.DriverFactory - Closing browser
2026-06-13 14:35:33.214 [main] INFO  testcases.BaseTest - Opening browser
2026-06-13 14:35:33.215 [main] WARN  utilities.DriverFactory - No browser specified. Defaulting to Chrome
2026-06-13 14:35:33.215 [main] INFO  utilities.DriverFactory - No driver found. Creating new driver for: chrome
2026-06-13 14:35:33.215 [main] INFO  utilities.DriverFactory - Initializing driver for: chrome
2026-06-13 14:35:33.215 [main] INFO  utilities.DriverFactory - Starting ChromeDriver
2026-06-13 14:35:34.853 [main] INFO  testcases.BaseTest - Navigating to SauceDemo
2026-06-13 14:35:36.037 [main] INFO  testcases.BaseTest - Closing browser
2026-06-13 14:35:36.037 [main] INFO  utilities.DriverFactory - Closing browser
2026-06-13 14:36:22.522 [main] INFO  testcases.BaseTest - Opening browser
2026-06-13 14:36:22.527 [main] WARN  utilities.DriverFactory - No browser specified. Defaulting to Chrome
2026-06-13 14:36:22.527 [main] INFO  utilities.DriverFactory - No driver found. Creating new driver for: chrome
2026-06-13 14:36:22.529 [main] INFO  utilities.DriverFactory - Initializing driver for: chrome
2026-06-13 14:36:22.530 [main] INFO  utilities.DriverFactory - Starting ChromeDriver
2026-06-13 14:36:24.565 [main] INFO  testcases.BaseTest - Navigating to SauceDemo
2026-06-13 14:36:39.300 [main] INFO  testcases.BaseTest - Closing browser
2026-06-13 14:36:39.300 [main] INFO  utilities.DriverFactory - Closing browser
2026-06-13 14:36:39.569 [main] INFO  testcases.BaseTest - Opening browser
2026-06-13 14:36:39.569 [main] WARN  utilities.DriverFactory - No browser specified. Defaulting to Chrome
2026-06-13 14:36:39.569 [main] INFO  utilities.DriverFactory - No driver found. Creating new driver for: chrome
2026-06-13 14:36:39.569 [main] INFO  utilities.DriverFactory - Initializing driver for: chrome
2026-06-13 14:36:39.569 [main] INFO  utilities.DriverFactory - Starting ChromeDriver
2026-06-13 14:36:42.239 [main] INFO  testcases.BaseTest - Navigating to SauceDemo
2026-06-13 14:36:46.854 [main] INFO  testcases.BaseTest - Closing browser
2026-06-13 14:36:46.855 [main] INFO  utilities.DriverFactory - Closing browser
2026-06-13 14:36:47.151 [main] INFO  testcases.BaseTest - Opening browser
2026-06-13 14:36:47.151 [main] WARN  utilities.DriverFactory - No browser specified. Defaulting to Chrome
2026-06-13 14:36:47.151 [main] INFO  utilities.DriverFactory - No driver found. Creating new driver for: chrome
2026-06-13 14:36:47.152 [main] INFO  utilities.DriverFactory - Initializing driver for: chrome
2026-06-13 14:36:47.152 [main] INFO  utilities.DriverFactory - Starting ChromeDriver
2026-06-13 14:36:48.306 [main] INFO  testcases.BaseTest - Navigating to SauceDemo
2026-06-13 14:36:53.103 [main] INFO  testcases.BaseTest - Closing browser
2026-06-13 14:36:53.103 [main] INFO  utilities.DriverFactory - Closing browser
2026-06-13 14:36:55.150 [main] INFO  testcases.BaseTest - Opening browser
2026-06-13 14:36:55.151 [main] WARN  utilities.DriverFactory - No browser specified. Defaulting to Chrome
2026-06-13 14:36:55.154 [main] INFO  utilities.DriverFactory - No driver found. Creating new driver for: chrome
2026-06-13 14:36:55.156 [main] INFO  utilities.DriverFactory - Initializing driver for: chrome
2026-06-13 14:36:55.156 [main] INFO  utilities.DriverFactory - Starting ChromeDriver
2026-06-13 14:36:57.965 [main] INFO  testcases.BaseTest - Navigating to SauceDemo
2026-06-13 14:37:10.277 [main] INFO  testcases.BaseTest - Closing browser
2026-06-13 14:37:10.278 [main] INFO  utilities.DriverFactory - Closing browser
2026-06-13 14:37:10.543 [main] INFO  testcases.BaseTest - Opening browser
2026-06-13 14:37:10.543 [main] WARN  utilities.DriverFactory - No browser specified. Defaulting to Chrome
2026-06-13 14:37:10.543 [main] INFO  utilities.DriverFactory - No driver found. Creating new driver for: chrome
2026-06-13 14:37:10.543 [main] INFO  utilities.DriverFactory - Initializing driver for: chrome
2026-06-13 14:37:10.543 [main] INFO  utilities.DriverFactory - Starting ChromeDriver
2026-06-13 14:37:11.780 [main] INFO  testcases.BaseTest - Navigating to SauceDemo
2026-06-13 14:37:24.125 [main] INFO  testcases.BaseTest - Closing browser
2026-06-13 14:37:24.125 [main] INFO  utilities.DriverFactory - Closing browser
2026-06-13 14:38:41.198 [main] INFO  testcases.BaseTest - Opening browser
2026-06-13 14:38:41.203 [main] WARN  utilities.DriverFactory - No browser specified. Defaulting to Chrome
2026-06-13 14:38:41.203 [main] INFO  utilities.DriverFactory - No driver found. Creating new driver for: chrome
2026-06-13 14:38:41.205 [main] INFO  utilities.DriverFactory - Initializing driver for: chrome
2026-06-13 14:38:41.206 [main] INFO  utilities.DriverFactory - Starting ChromeDriver
2026-06-13 14:38:42.894 [main] INFO  testcases.BaseTest - Navigating to SauceDemo
2026-06-13 14:38:57.975 [main] INFO  testcases.BaseTest - Closing browser
2026-06-13 14:38:57.975 [main] INFO  utilities.DriverFactory - Closing browser
2026-06-13 14:38:58.183 [main] INFO  testcases.BaseTest - Opening browser
2026-06-13 14:38:58.183 [main] WARN  utilities.DriverFactory - No browser specified. Defaulting to Chrome
2026-06-13 14:38:58.183 [main] INFO  utilities.DriverFactory - No driver found. Creating new driver for: chrome
2026-06-13 14:38:58.183 [main] INFO  utilities.DriverFactory - Initializing driver for: chrome
2026-06-13 14:38:58.183 [main] INFO  utilities.DriverFactory - Starting ChromeDriver
2026-06-13 14:38:59.547 [main] INFO  testcases.BaseTest - Navigating to SauceDemo
2026-06-13 14:39:13.689 [main] INFO  testcases.BaseTest - Closing browser
2026-06-13 14:39:13.689 [main] INFO  utilities.DriverFactory - Closing browser
2026-06-13 14:39:13.885 [main] INFO  testcases.BaseTest - Opening browser
2026-06-13 14:39:13.885 [main] WARN  utilities.DriverFactory - No browser specified. Defaulting to Chrome
2026-06-13 14:39:13.885 [main] INFO  utilities.DriverFactory - No driver found. Creating new driver for: chrome
2026-06-13 14:39:13.885 [main] INFO  utilities.DriverFactory - Initializing driver for: chrome
2026-06-13 14:39:13.885 [main] INFO  utilities.DriverFactory - Starting ChromeDriver
2026-06-13 14:39:14.908 [main] INFO  testcases.BaseTest - Navigating to SauceDemo
2026-06-13 14:39:19.307 [main] INFO  testcases.BaseTest - Closing browser
2026-06-13 14:39:19.307 [main] INFO  utilities.DriverFactory - Closing browser
2026-06-13 14:39:19.473 [main] INFO  testcases.BaseTest - Opening browser
2026-06-13 14:39:19.473 [main] WARN  utilities.DriverFactory - No browser specified. Defaulting to Chrome
2026-06-13 14:39:19.473 [main] INFO  utilities.DriverFactory - No driver found. Creating new driver for: chrome
2026-06-13 14:39:19.473 [main] INFO  utilities.DriverFactory - Initializing driver for: chrome
2026-06-13 14:39:19.473 [main] INFO  utilities.DriverFactory - Starting ChromeDriver
2026-06-13 14:39:20.706 [main] INFO  testcases.BaseTest - Navigating to SauceDemo
2026-06-13 14:39:37.401 [main] INFO  testcases.BaseTest - Closing browser
2026-06-13 14:39:37.401 [main] INFO  utilities.DriverFactory - Closing browser
2026-06-13 14:39:37.591 [main] INFO  testcases.BaseTest - Opening browser
2026-06-13 14:39:37.591 [main] WARN  utilities.DriverFactory - No browser specified. Defaulting to Chrome
2026-06-13 14:39:37.591 [main] INFO  utilities.DriverFactory - No driver found. Creating new driver for: chrome
2026-06-13 14:39:37.591 [main] INFO  utilities.DriverFactory - Initializing driver for: chrome
2026-06-13 14:39:37.591 [main] INFO  utilities.DriverFactory - Starting ChromeDriver
2026-06-13 14:39:38.703 [main] INFO  testcases.BaseTest - Navigating to SauceDemo
2026-06-13 14:39:55.414 [main] INFO  testcases.BaseTest - Closing browser
2026-06-13 14:39:55.414 [main] INFO  utilities.DriverFactory - Closing browser
2026-06-13 14:40:47.112 [main] INFO  testcases.BaseTest - Opening browser
2026-06-13 14:40:47.116 [main] WARN  utilities.DriverFactory - No browser specified. Defaulting to Chrome
2026-06-13 14:40:47.116 [main] INFO  utilities.DriverFactory - No driver found. Creating new driver for: chrome
2026-06-13 14:40:47.118 [main] INFO  utilities.DriverFactory - Initializing driver for: chrome
2026-06-13 14:40:47.118 [main] INFO  utilities.DriverFactory - Starting ChromeDriver
2026-06-13 14:40:48.869 [main] INFO  testcases.BaseTest - Navigating to SauceDemo
2026-06-13 14:41:03.839 [main] INFO  testcases.BaseTest - Closing browser
2026-06-13 14:41:03.863 [main] INFO  utilities.DriverFactory - Closing browser
2026-06-13 14:41:04.881 [main] INFO  testcases.BaseTest - Opening browser
2026-06-13 14:41:04.881 [main] WARN  utilities.DriverFactory - No browser specified. Defaulting to Chrome
2026-06-13 14:41:04.881 [main] INFO  utilities.DriverFactory - No driver found. Creating new driver for: chrome
2026-06-13 14:41:04.881 [main] INFO  utilities.DriverFactory - Initializing driver for: chrome
2026-06-13 14:41:04.881 [main] INFO  utilities.DriverFactory - Starting ChromeDriver
2026-06-13 14:41:05.817 [main] INFO  testcases.BaseTest - Navigating to SauceDemo
2026-06-13 14:41:07.782 [main] INFO  testcases.BaseTest - Closing browser
2026-06-13 14:41:07.782 [main] INFO  utilities.DriverFactory - Closing browser
2026-06-13 14:41:07.939 [main] INFO  testcases.BaseTest - Opening browser
2026-06-13 14:41:07.939 [main] WARN  utilities.DriverFactory - No browser specified. Defaulting to Chrome
2026-06-13 14:41:07.939 [main] INFO  utilities.DriverFactory - No driver found. Creating new driver for: chrome
2026-06-13 14:41:07.940 [main] INFO  utilities.DriverFactory - Initializing driver for: chrome
2026-06-13 14:41:07.940 [main] INFO  utilities.DriverFactory - Starting ChromeDriver
2026-06-13 14:41:08.940 [main] INFO  testcases.BaseTest - Navigating to SauceDemo
2026-06-13 14:41:13.945 [main] INFO  testcases.BaseTest - Closing browser
2026-06-13 14:41:13.946 [main] INFO  utilities.DriverFactory - Closing browser
2026-06-13 14:41:14.125 [main] INFO  testcases.BaseTest - Opening browser
2026-06-13 14:41:14.125 [main] WARN  utilities.DriverFactory - No browser specified. Defaulting to Chrome
2026-06-13 14:41:14.125 [main] INFO  utilities.DriverFactory - No driver found. Creating new driver for: chrome
2026-06-13 14:41:14.125 [main] INFO  utilities.DriverFactory - Initializing driver for: chrome
2026-06-13 14:41:14.125 [main] INFO  utilities.DriverFactory - Starting ChromeDriver
2026-06-13 14:41:15.204 [main] INFO  testcases.BaseTest - Navigating to SauceDemo
2026-06-13 14:41:18.663 [main] INFO  testcases.BaseTest - Closing browser
2026-06-13 14:41:18.663 [main] INFO  utilities.DriverFactory - Closing browser
2026-06-13 14:41:18.852 [main] INFO  testcases.BaseTest - Opening browser
2026-06-13 14:41:18.852 [main] WARN  utilities.DriverFactory - No browser specified. Defaulting to Chrome
2026-06-13 14:41:18.852 [main] INFO  utilities.DriverFactory - No driver found. Creating new driver for: chrome
2026-06-13 14:41:18.852 [main] INFO  utilities.DriverFactory - Initializing driver for: chrome
2026-06-13 14:41:18.852 [main] INFO  utilities.DriverFactory - Starting ChromeDriver
2026-06-13 14:41:20.302 [main] INFO  testcases.BaseTest - Navigating to SauceDemo
2026-06-13 14:41:32.602 [main] INFO  testcases.BaseTest - Closing browser
2026-06-13 14:41:32.603 [main] INFO  utilities.DriverFactory - Closing browser
2026-06-13 14:45:31.356 [main] INFO  testcases.BaseTest - Opening browser
2026-06-13 14:45:31.359 [main] WARN  utilities.DriverFactory - No browser specified. Defaulting to Chrome
2026-06-13 14:45:31.359 [main] INFO  utilities.DriverFactory - No driver found. Creating new driver for: chrome
2026-06-13 14:45:31.361 [main] INFO  utilities.DriverFactory - Initializing driver for: chrome
2026-06-13 14:45:31.362 [main] INFO  utilities.DriverFactory - Starting ChromeDriver
2026-06-13 14:45:33.714 [main] INFO  testcases.BaseTest - Navigating to SauceDemo
2026-06-13 14:45:51.802 [main] INFO  testcases.BaseTest - Closing browser
2026-06-13 14:45:51.802 [main] INFO  utilities.DriverFactory - Closing browser
2026-06-13 14:45:52.181 [main] INFO  testcases.BaseTest - Opening browser
2026-06-13 14:45:52.181 [main] WARN  utilities.DriverFactory - No browser specified. Defaulting to Chrome
2026-06-13 14:45:52.181 [main] INFO  utilities.DriverFactory - No driver found. Creating new driver for: chrome
2026-06-13 14:45:52.181 [main] INFO  utilities.DriverFactory - Initializing driver for: chrome
2026-06-13 14:45:52.181 [main] INFO  utilities.DriverFactory - Starting ChromeDriver
2026-06-13 14:45:53.355 [main] INFO  testcases.BaseTest - Navigating to SauceDemo
2026-06-13 14:46:03.143 [main] INFO  testcases.BaseTest - Closing browser
2026-06-13 14:46:03.144 [main] INFO  utilities.DriverFactory - Closing browser
2026-06-13 14:46:03.349 [main] INFO  testcases.BaseTest - Opening browser
2026-06-13 14:46:03.349 [main] WARN  utilities.DriverFactory - No browser specified. Defaulting to Chrome
2026-06-13 14:46:03.349 [main] INFO  utilities.DriverFactory - No driver found. Creating new driver for: chrome
2026-06-13 14:46:03.349 [main] INFO  utilities.DriverFactory - Initializing driver for: chrome
2026-06-13 14:46:03.349 [main] INFO  utilities.DriverFactory - Starting ChromeDriver
2026-06-13 14:46:05.056 [main] INFO  testcases.BaseTest - Navigating to SauceDemo
2026-06-13 14:46:15.725 [main] INFO  testcases.BaseTest - Closing browser
2026-06-13 14:46:15.725 [main] INFO  utilities.DriverFactory - Closing browser
2026-06-13 14:46:16.167 [main] INFO  testcases.BaseTest - Opening browser
2026-06-13 14:46:16.168 [main] WARN  utilities.DriverFactory - No browser specified. Defaulting to Chrome
2026-06-13 14:46:16.168 [main] INFO  utilities.DriverFactory - No driver found. Creating new driver for: chrome
2026-06-13 14:46:16.169 [main] INFO  utilities.DriverFactory - Initializing driver for: chrome
2026-06-13 14:46:16.170 [main] INFO  utilities.DriverFactory - Starting ChromeDriver
2026-06-13 14:46:18.018 [main] INFO  testcases.BaseTest - Navigating to SauceDemo
2026-06-13 14:46:26.487 [main] INFO  testcases.BaseTest - Closing browser
2026-06-13 14:46:26.487 [main] INFO  utilities.DriverFactory - Closing browser
2026-06-13 14:46:27.096 [main] INFO  testcases.BaseTest - Opening browser
2026-06-13 14:46:27.098 [main] WARN  utilities.DriverFactory - No browser specified. Defaulting to Chrome
2026-06-13 14:46:27.099 [main] INFO  utilities.DriverFactory - No driver found. Creating new driver for: chrome
2026-06-13 14:46:27.100 [main] INFO  utilities.DriverFactory - Initializing driver for: chrome
2026-06-13 14:46:27.101 [main] INFO  utilities.DriverFactory - Starting ChromeDriver
2026-06-13 14:46:30.670 [main] INFO  testcases.BaseTest - Navigating to SauceDemo
2026-06-13 14:46:50.089 [main] INFO  testcases.BaseTest - Closing browser
2026-06-13 14:46:50.091 [main] INFO  utilities.DriverFactory - Closing browser
2026-06-13 14:48:34.333 [main] INFO  testcases.BaseTest - Opening browser
2026-06-13 14:48:34.337 [main] WARN  utilities.DriverFactory - No browser specified. Defaulting to Chrome
2026-06-13 14:48:34.337 [main] INFO  utilities.DriverFactory - No driver found. Creating new driver for: chrome
2026-06-13 14:48:34.339 [main] INFO  utilities.DriverFactory - Initializing driver for: chrome
2026-06-13 14:48:34.339 [main] INFO  utilities.DriverFactory - Starting ChromeDriver
2026-06-13 14:48:36.008 [main] INFO  testcases.BaseTest - Navigating to SauceDemo
2026-06-13 14:48:58.000 [main] INFO  testcases.BaseTest - Closing browser
2026-06-13 14:48:58.000 [main] INFO  utilities.DriverFactory - Closing browser
2026-06-13 14:48:58.249 [main] INFO  testcases.BaseTest - Opening browser
2026-06-13 14:48:58.250 [main] WARN  utilities.DriverFactory - No browser specified. Defaulting to Chrome
2026-06-13 14:48:58.250 [main] INFO  utilities.DriverFactory - No driver found. Creating new driver for: chrome
2026-06-13 14:48:58.250 [main] INFO  utilities.DriverFactory - Initializing driver for: chrome
2026-06-13 14:48:58.250 [main] INFO  utilities.DriverFactory - Starting ChromeDriver
2026-06-13 14:48:59.267 [main] INFO  testcases.BaseTest - Navigating to SauceDemo
2026-06-13 14:49:01.370 [main] INFO  testcases.BaseTest - Closing browser
2026-06-13 14:49:01.370 [main] INFO  utilities.DriverFactory - Closing browser
2026-06-13 14:49:01.540 [main] INFO  testcases.BaseTest - Opening browser
2026-06-13 14:49:01.540 [main] WARN  utilities.DriverFactory - No browser specified. Defaulting to Chrome
2026-06-13 14:49:01.540 [main] INFO  utilities.DriverFactory - No driver found. Creating new driver for: chrome
2026-06-13 14:49:01.540 [main] INFO  utilities.DriverFactory - Initializing driver for: chrome
2026-06-13 14:49:01.541 [main] INFO  utilities.DriverFactory - Starting ChromeDriver
2026-06-13 14:49:02.934 [main] INFO  testcases.BaseTest - Navigating to SauceDemo
2026-06-13 14:49:06.192 [main] INFO  testcases.BaseTest - Closing browser
2026-06-13 14:49:06.192 [main] INFO  utilities.DriverFactory - Closing browser
2026-06-13 14:49:06.349 [main] INFO  testcases.BaseTest - Opening browser
2026-06-13 14:49:06.350 [main] WARN  utilities.DriverFactory - No browser specified. Defaulting to Chrome
2026-06-13 14:49:06.350 [main] INFO  utilities.DriverFactory - No driver found. Creating new driver for: chrome
2026-06-13 14:49:06.350 [main] INFO  utilities.DriverFactory - Initializing driver for: chrome
2026-06-13 14:49:06.350 [main] INFO  utilities.DriverFactory - Starting ChromeDriver
2026-06-13 14:49:07.313 [main] INFO  testcases.BaseTest - Navigating to SauceDemo
2026-06-13 14:49:18.057 [main] INFO  testcases.BaseTest - Closing browser
2026-06-13 14:49:18.057 [main] INFO  utilities.DriverFactory - Closing browser
2026-06-13 14:49:18.249 [main] INFO  testcases.BaseTest - Opening browser
2026-06-13 14:49:18.249 [main] WARN  utilities.DriverFactory - No browser specified. Defaulting to Chrome
2026-06-13 14:49:18.249 [main] INFO  utilities.DriverFactory - No driver found. Creating new driver for: chrome
2026-06-13 14:49:18.249 [main] INFO  utilities.DriverFactory - Initializing driver for: chrome
2026-06-13 14:49:18.249 [main] INFO  utilities.DriverFactory - Starting ChromeDriver
2026-06-13 14:49:20.222 [main] INFO  testcases.BaseTest - Navigating to SauceDemo
2026-06-13 14:49:39.596 [main] INFO  testcases.BaseTest - Closing browser
2026-06-13 14:49:39.596 [main] INFO  utilities.DriverFactory - Closing browser
2026-06-13 14:52:03.286 [main] INFO  testcases.BaseTest - Opening browser
2026-06-13 14:52:03.289 [main] WARN  utilities.DriverFactory - No browser specified. Defaulting to Chrome
2026-06-13 14:52:03.290 [main] INFO  utilities.DriverFactory - No driver found. Creating new driver for: chrome
2026-06-13 14:52:03.292 [main] INFO  utilities.DriverFactory - Initializing driver for: chrome
2026-06-13 14:52:03.292 [main] INFO  utilities.DriverFactory - Starting ChromeDriver
2026-06-13 14:52:05.185 [main] INFO  testcases.BaseTest - Navigating to SauceDemo
2026-06-13 14:52:10.854 [main] INFO  testcases.BaseTest - Closing browser
2026-06-13 14:52:10.855 [main] INFO  utilities.DriverFactory - Closing browser
2026-06-13 14:52:11.082 [main] INFO  testcases.BaseTest - Opening browser
2026-06-13 14:52:11.082 [main] WARN  utilities.DriverFactory - No browser specified. Defaulting to Chrome
2026-06-13 14:52:11.082 [main] INFO  utilities.DriverFactory - No driver found. Creating new driver for: chrome
2026-06-13 14:52:11.082 [main] INFO  utilities.DriverFactory - Initializing driver for: chrome
2026-06-13 14:52:11.082 [main] INFO  utilities.DriverFactory - Starting ChromeDriver
2026-06-13 14:52:12.449 [main] INFO  testcases.BaseTest - Navigating to SauceDemo
2026-06-13 14:52:21.405 [main] INFO  testcases.BaseTest - Closing browser
2026-06-13 14:52:21.406 [main] INFO  utilities.DriverFactory - Closing browser
2026-06-13 14:52:21.605 [main] INFO  testcases.BaseTest - Opening browser
2026-06-13 14:52:21.605 [main] WARN  utilities.DriverFactory - No browser specified. Defaulting to Chrome
2026-06-13 14:52:21.605 [main] INFO  utilities.DriverFactory - No driver found. Creating new driver for: chrome
2026-06-13 14:52:21.605 [main] INFO  utilities.DriverFactory - Initializing driver for: chrome
2026-06-13 14:52:21.605 [main] INFO  utilities.DriverFactory - Starting ChromeDriver
2026-06-13 14:52:22.777 [main] INFO  testcases.BaseTest - Navigating to SauceDemo
2026-06-13 14:52:31.253 [main] INFO  testcases.BaseTest - Closing browser
2026-06-13 14:52:31.253 [main] INFO  utilities.DriverFactory - Closing browser
2026-06-13 14:52:31.771 [main] INFO  testcases.BaseTest - Opening browser
2026-06-13 14:52:31.773 [main] WARN  utilities.DriverFactory - No browser specified. Defaulting to Chrome
2026-06-13 14:52:31.775 [main] INFO  utilities.DriverFactory - No driver found. Creating new driver for: chrome
2026-06-13 14:52:31.776 [main] INFO  utilities.DriverFactory - Initializing driver for: chrome
2026-06-13 14:52:31.776 [main] INFO  utilities.DriverFactory - Starting ChromeDriver
2026-06-13 14:52:33.838 [main] INFO  testcases.BaseTest - Navigating to SauceDemo
2026-06-13 14:52:44.931 [main] INFO  testcases.BaseTest - Closing browser
2026-06-13 14:52:44.931 [main] INFO  utilities.DriverFactory - Closing browser
2026-06-13 14:52:45.196 [main] INFO  testcases.BaseTest - Opening browser
2026-06-13 14:52:45.196 [main] WARN  utilities.DriverFactory - No browser specified. Defaulting to Chrome
2026-06-13 14:52:45.196 [main] INFO  utilities.DriverFactory - No driver found. Creating new driver for: chrome
2026-06-13 14:52:45.196 [main] INFO  utilities.DriverFactory - Initializing driver for: chrome
2026-06-13 14:52:45.196 [main] INFO  utilities.DriverFactory - Starting ChromeDriver
2026-06-13 14:52:46.254 [main] INFO  testcases.BaseTest - Navigating to SauceDemo
2026-06-13 14:53:06.533 [main] INFO  testcases.BaseTest - Closing browser
2026-06-13 14:53:06.533 [main] INFO  utilities.DriverFactory - Closing browser
2026-06-13 14:55:43.873 [main] INFO  testcases.BaseTest - Opening browser
2026-06-13 14:55:43.876 [main] WARN  utilities.DriverFactory - No browser specified. Defaulting to Chrome
2026-06-13 14:55:43.876 [main] INFO  utilities.DriverFactory - No driver found. Creating new driver for: chrome
2026-06-13 14:55:43.878 [main] INFO  utilities.DriverFactory - Initializing driver for: chrome
2026-06-13 14:55:43.878 [main] INFO  utilities.DriverFactory - Starting ChromeDriver
2026-06-13 14:55:45.660 [main] INFO  testcases.BaseTest - Navigating to SauceDemo
2026-06-13 14:56:02.871 [main] INFO  testcases.BaseTest - Closing browser
2026-06-13 14:56:02.872 [main] INFO  utilities.DriverFactory - Closing browser
2026-06-13 14:56:03.512 [main] INFO  testcases.BaseTest - Opening browser
2026-06-13 14:56:03.514 [main] WARN  utilities.DriverFactory - No browser specified. Defaulting to Chrome
2026-06-13 14:56:03.516 [main] INFO  utilities.DriverFactory - No driver found. Creating new driver for: chrome
2026-06-13 14:56:03.517 [main] INFO  utilities.DriverFactory - Initializing driver for: chrome
2026-06-13 14:56:03.518 [main] INFO  utilities.DriverFactory - Starting ChromeDriver
2026-06-13 14:56:05.716 [main] INFO  testcases.BaseTest - Navigating to SauceDemo
2026-06-13 14:56:18.554 [main] INFO  testcases.BaseTest - Closing browser
2026-06-13 14:56:18.556 [main] INFO  utilities.DriverFactory - Closing browser
2026-06-13 14:56:19.995 [main] INFO  testcases.BaseTest - Opening browser
2026-06-13 14:56:19.997 [main] WARN  utilities.DriverFactory - No browser specified. Defaulting to Chrome
2026-06-13 14:56:19.998 [main] INFO  utilities.DriverFactory - No driver found. Creating new driver for: chrome
2026-06-13 14:56:19.999 [main] INFO  utilities.DriverFactory - Initializing driver for: chrome
2026-06-13 14:56:20.000 [main] INFO  utilities.DriverFactory - Starting ChromeDriver
2026-06-13 14:56:21.331 [main] INFO  testcases.BaseTest - Navigating to SauceDemo
2026-06-13 14:56:29.348 [main] INFO  testcases.BaseTest - Closing browser
2026-06-13 14:56:29.349 [main] INFO  utilities.DriverFactory - Closing browser
2026-06-13 14:56:29.689 [main] INFO  testcases.BaseTest - Opening browser
2026-06-13 14:56:29.689 [main] WARN  utilities.DriverFactory - No browser specified. Defaulting to Chrome
2026-06-13 14:56:29.689 [main] INFO  utilities.DriverFactory - No driver found. Creating new driver for: chrome
2026-06-13 14:56:29.689 [main] INFO  utilities.DriverFactory - Initializing driver for: chrome
2026-06-13 14:56:29.689 [main] INFO  utilities.DriverFactory - Starting ChromeDriver
2026-06-13 14:56:30.886 [main] INFO  testcases.BaseTest - Navigating to SauceDemo
2026-06-13 14:56:36.478 [main] INFO  testcases.BaseTest - Closing browser
2026-06-13 14:56:36.479 [main] INFO  utilities.DriverFactory - Closing browser
2026-06-13 14:56:36.893 [main] INFO  testcases.BaseTest - Opening browser
2026-06-13 14:56:36.894 [main] WARN  utilities.DriverFactory - No browser specified. Defaulting to Chrome
2026-06-13 14:56:36.894 [main] INFO  utilities.DriverFactory - No driver found. Creating new driver for: chrome
2026-06-13 14:56:36.894 [main] INFO  utilities.DriverFactory - Initializing driver for: chrome
2026-06-13 14:56:36.894 [main] INFO  utilities.DriverFactory - Starting ChromeDriver
2026-06-13 14:56:38.212 [main] INFO  testcases.BaseTest - Navigating to SauceDemo
2026-06-13 14:56:54.028 [main] INFO  testcases.BaseTest - Closing browser
2026-06-13 14:56:54.029 [main] INFO  utilities.DriverFactory - Closing browser
2026-06-13 14:59:05.085 [main] INFO  testcases.BaseTest - Opening browser
2026-06-13 14:59:05.088 [main] WARN  utilities.DriverFactory - No browser specified. Defaulting to Chrome
2026-06-13 14:59:05.089 [main] INFO  utilities.DriverFactory - No driver found. Creating new driver for: chrome
2026-06-13 14:59:05.090 [main] INFO  utilities.DriverFactory - Initializing driver for: chrome
2026-06-13 14:59:05.090 [main] INFO  utilities.DriverFactory - Starting ChromeDriver
2026-06-13 14:59:06.847 [main] INFO  testcases.BaseTest - Navigating to SauceDemo
2026-06-13 14:59:25.666 [main] INFO  testcases.BaseTest - Closing browser
2026-06-13 14:59:25.667 [main] INFO  utilities.DriverFactory - Closing browser
2026-06-13 14:59:26.094 [main] INFO  testcases.BaseTest - Opening browser
2026-06-13 14:59:26.094 [main] WARN  utilities.DriverFactory - No browser specified. Defaulting to Chrome
2026-06-13 14:59:26.094 [main] INFO  utilities.DriverFactory - No driver found. Creating new driver for: chrome
2026-06-13 14:59:26.094 [main] INFO  utilities.DriverFactory - Initializing driver for: chrome
2026-06-13 14:59:26.094 [main] INFO  utilities.DriverFactory - Starting ChromeDriver
2026-06-13 14:59:27.034 [main] INFO  testcases.BaseTest - Navigating to SauceDemo
2026-06-13 14:59:32.936 [main] INFO  testcases.BaseTest - Closing browser
2026-06-13 14:59:32.936 [main] INFO  utilities.DriverFactory - Closing browser
2026-06-13 14:59:33.114 [main] INFO  testcases.BaseTest - Opening browser
2026-06-13 14:59:33.115 [main] WARN  utilities.DriverFactory - No browser specified. Defaulting to Chrome
2026-06-13 14:59:33.115 [main] INFO  utilities.DriverFactory - No driver found. Creating new driver for: chrome
2026-06-13 14:59:33.115 [main] INFO  utilities.DriverFactory - Initializing driver for: chrome
2026-06-13 14:59:33.117 [main] INFO  utilities.DriverFactory - Starting ChromeDriver
2026-06-13 14:59:34.520 [main] INFO  testcases.BaseTest - Navigating to SauceDemo
2026-06-13 14:59:43.258 [main] INFO  testcases.BaseTest - Closing browser
2026-06-13 14:59:43.258 [main] INFO  utilities.DriverFactory - Closing browser
2026-06-13 14:59:43.854 [main] INFO  testcases.BaseTest - Opening browser
2026-06-13 14:59:43.855 [main] WARN  utilities.DriverFactory - No browser specified. Defaulting to Chrome
2026-06-13 14:59:43.856 [main] INFO  utilities.DriverFactory - No driver found. Creating new driver for: chrome
2026-06-13 14:59:43.857 [main] INFO  utilities.DriverFactory - Initializing driver for: chrome
2026-06-13 14:59:43.858 [main] INFO  utilities.DriverFactory - Starting ChromeDriver
2026-06-13 14:59:45.942 [main] INFO  testcases.BaseTest - Navigating to SauceDemo
2026-06-13 14:59:58.560 [main] INFO  testcases.BaseTest - Closing browser
2026-06-13 14:59:58.561 [main] INFO  utilities.DriverFactory - Closing browser
2026-06-13 14:59:58.931 [main] INFO  testcases.BaseTest - Opening browser
2026-06-13 14:59:58.932 [main] WARN  utilities.DriverFactory - No browser specified. Defaulting to Chrome
2026-06-13 14:59:58.932 [main] INFO  utilities.DriverFactory - No driver found. Creating new driver for: chrome
2026-06-13 14:59:58.932 [main] INFO  utilities.DriverFactory - Initializing driver for: chrome
2026-06-13 14:59:58.932 [main] INFO  utilities.DriverFactory - Starting ChromeDriver
2026-06-13 14:59:59.921 [main] INFO  testcases.BaseTest - Navigating to SauceDemo
2026-06-13 15:00:12.435 [main] INFO  testcases.BaseTest - Closing browser
2026-06-13 15:00:12.435 [main] INFO  utilities.DriverFactory - Closing browser
2026-06-13 15:11:28.551 [main] INFO  testcases.BaseTest - Opening browser
2026-06-13 15:11:28.556 [main] WARN  utilities.DriverFactory - No browser specified. Defaulting to Chrome
2026-06-13 15:11:28.556 [main] INFO  utilities.DriverFactory - No driver found. Creating new driver for: chrome
2026-06-13 15:11:28.558 [main] INFO  utilities.DriverFactory - Initializing driver for: chrome
2026-06-13 15:11:28.558 [main] INFO  utilities.DriverFactory - Starting ChromeDriver
2026-06-13 15:11:30.602 [main] INFO  testcases.BaseTest - Navigating to SauceDemo
2026-06-13 15:11:43.974 [main] INFO  testcases.BaseTest - Closing browser
2026-06-13 15:11:43.975 [main] INFO  utilities.DriverFactory - Closing browser
2026-06-13 15:11:44.241 [main] INFO  testcases.BaseTest - Opening browser
2026-06-13 15:11:44.241 [main] WARN  utilities.DriverFactory - No browser specified. Defaulting to Chrome
2026-06-13 15:11:44.241 [main] INFO  utilities.DriverFactory - No driver found. Creating new driver for: chrome
2026-06-13 15:11:44.241 [main] INFO  utilities.DriverFactory - Initializing driver for: chrome
2026-06-13 15:11:44.241 [main] INFO  utilities.DriverFactory - Starting ChromeDriver
2026-06-13 15:11:45.530 [main] INFO  testcases.BaseTest - Navigating to SauceDemo
2026-06-13 15:11:58.383 [main] INFO  testcases.BaseTest - Closing browser
2026-06-13 15:11:58.383 [main] INFO  utilities.DriverFactory - Closing browser
2026-06-13 15:11:58.634 [main] INFO  testcases.BaseTest - Opening browser
2026-06-13 15:11:58.634 [main] WARN  utilities.DriverFactory - No browser specified. Defaulting to Chrome
2026-06-13 15:11:58.634 [main] INFO  utilities.DriverFactory - No driver found. Creating new driver for: chrome
2026-06-13 15:11:58.634 [main] INFO  utilities.DriverFactory - Initializing driver for: chrome
2026-06-13 15:11:58.634 [main] INFO  utilities.DriverFactory - Starting ChromeDriver
2026-06-13 15:11:59.629 [main] INFO  testcases.BaseTest - Navigating to SauceDemo
2026-06-13 15:12:11.878 [main] INFO  testcases.BaseTest - Closing browser
2026-06-13 15:12:11.879 [main] INFO  utilities.DriverFactory - Closing browser
2026-06-13 15:12:12.109 [main] INFO  testcases.BaseTest - Opening browser
2026-06-13 15:12:12.109 [main] WARN  utilities.DriverFactory - No browser specified. Defaulting to Chrome
2026-06-13 15:12:12.109 [main] INFO  utilities.DriverFactory - No driver found. Creating new driver for: chrome
2026-06-13 15:12:12.110 [main] INFO  utilities.DriverFactory - Initializing driver for: chrome
2026-06-13 15:12:12.110 [main] INFO  utilities.DriverFactory - Starting ChromeDriver
2026-06-13 15:12:13.297 [main] INFO  testcases.BaseTest - Navigating to SauceDemo
2026-06-13 15:12:26.378 [main] INFO  testcases.BaseTest - Closing browser
2026-06-13 15:12:26.378 [main] INFO  utilities.DriverFactory - Closing browser
2026-06-13 15:12:28.108 [main] INFO  testcases.BaseTest - Opening browser
2026-06-13 15:12:28.108 [main] WARN  utilities.DriverFactory - No browser specified. Defaulting to Chrome
2026-06-13 15:12:28.109 [main] INFO  utilities.DriverFactory - No driver found. Creating new driver for: chrome
2026-06-13 15:12:28.109 [main] INFO  utilities.DriverFactory - Initializing driver for: chrome
2026-06-13 15:12:28.109 [main] INFO  utilities.DriverFactory - Starting ChromeDriver
2026-06-13 15:12:30.103 [main] INFO  testcases.BaseTest - Navigating to SauceDemo
2026-06-13 15:12:42.475 [main] INFO  testcases.BaseTest - Closing browser
2026-06-13 15:12:42.477 [main] INFO  utilities.DriverFactory - Closing browser
2026-06-13 15:13:58.827 [main] INFO  testcases.BaseTest - Opening browser
2026-06-13 15:13:58.831 [main] WARN  utilities.DriverFactory - No browser specified. Defaulting to Chrome
2026-06-13 15:13:58.831 [main] INFO  utilities.DriverFactory - No driver found. Creating new driver for: chrome
2026-06-13 15:13:58.834 [main] INFO  utilities.DriverFactory - Initializing driver for: chrome
2026-06-13 15:13:58.835 [main] INFO  utilities.DriverFactory - Starting ChromeDriver
2026-06-13 15:14:00.330 [main] INFO  testcases.BaseTest - Navigating to SauceDemo
2026-06-13 15:14:14.010 [main] INFO  testcases.BaseTest - Closing browser
2026-06-13 15:14:14.010 [main] INFO  utilities.DriverFactory - Closing browser
2026-06-13 15:14:14.277 [main] INFO  testcases.BaseTest - Opening browser
2026-06-13 15:14:14.277 [main] WARN  utilities.DriverFactory - No browser specified. Defaulting to Chrome
2026-06-13 15:14:14.277 [main] INFO  utilities.DriverFactory - No driver found. Creating new driver for: chrome
2026-06-13 15:14:14.278 [main] INFO  utilities.DriverFactory - Initializing driver for: chrome
2026-06-13 15:14:14.278 [main] INFO  utilities.DriverFactory - Starting ChromeDriver
2026-06-13 15:14:15.721 [main] INFO  testcases.BaseTest - Navigating to SauceDemo
2026-06-13 15:14:28.864 [main] INFO  testcases.BaseTest - Closing browser
2026-06-13 15:14:28.865 [main] INFO  utilities.DriverFactory - Closing browser
2026-06-13 15:14:29.092 [main] INFO  testcases.BaseTest - Opening browser
2026-06-13 15:14:29.092 [main] WARN  utilities.DriverFactory - No browser specified. Defaulting to Chrome
2026-06-13 15:14:29.093 [main] INFO  utilities.DriverFactory - No driver found. Creating new driver for: chrome
2026-06-13 15:14:29.093 [main] INFO  utilities.DriverFactory - Initializing driver for: chrome
2026-06-13 15:14:29.093 [main] INFO  utilities.DriverFactory - Starting ChromeDriver
2026-06-13 15:14:30.282 [main] INFO  testcases.BaseTest - Navigating to SauceDemo
2026-06-13 15:14:42.916 [main] INFO  testcases.BaseTest - Closing browser
2026-06-13 15:14:42.917 [main] INFO  utilities.DriverFactory - Closing browser
2026-06-13 15:14:44.693 [main] INFO  testcases.BaseTest - Opening browser
2026-06-13 15:14:44.694 [main] WARN  utilities.DriverFactory - No browser specified. Defaulting to Chrome
2026-06-13 15:14:44.694 [main] INFO  utilities.DriverFactory - No driver found. Creating new driver for: chrome
2026-06-13 15:14:44.694 [main] INFO  utilities.DriverFactory - Initializing driver for: chrome
2026-06-13 15:14:44.694 [main] INFO  utilities.DriverFactory - Starting ChromeDriver
2026-06-13 15:14:45.728 [main] INFO  testcases.BaseTest - Navigating to SauceDemo
2026-06-13 15:14:57.993 [main] INFO  testcases.BaseTest - Closing browser
2026-06-13 15:14:57.997 [main] INFO  utilities.DriverFactory - Closing browser
2026-06-13 15:15:00.321 [main] INFO  testcases.BaseTest - Opening browser
2026-06-13 15:15:00.321 [main] WARN  utilities.DriverFactory - No browser specified. Defaulting to Chrome
2026-06-13 15:15:00.321 [main] INFO  utilities.DriverFactory - No driver found. Creating new driver for: chrome
2026-06-13 15:15:00.321 [main] INFO  utilities.DriverFactory - Initializing driver for: chrome
2026-06-13 15:15:00.321 [main] INFO  utilities.DriverFactory - Starting ChromeDriver
2026-06-13 15:15:01.313 [main] INFO  testcases.BaseTest - Navigating to SauceDemo
2026-06-13 15:15:14.076 [main] INFO  testcases.BaseTest - Closing browser
2026-06-13 15:15:14.076 [main] INFO  utilities.DriverFactory - Closing browser
2026-06-13 15:20:06.039 [main] INFO  testcases.BaseTest - Opening browser
2026-06-13 15:20:06.043 [main] WARN  utilities.DriverFactory - No browser specified. Defaulting to Chrome
2026-06-13 15:20:06.043 [main] INFO  utilities.DriverFactory - No driver found. Creating new driver for: chrome
2026-06-13 15:20:06.046 [main] INFO  utilities.DriverFactory - Initializing driver for: chrome
2026-06-13 15:20:06.046 [main] INFO  utilities.DriverFactory - Starting ChromeDriver
2026-06-13 15:20:09.592 [main] INFO  testcases.BaseTest - Navigating to SauceDemo
2026-06-13 15:20:26.641 [main] INFO  testcases.BaseTest - Closing browser
2026-06-13 15:20:26.642 [main] INFO  utilities.DriverFactory - Closing browser
2026-06-13 15:20:26.900 [main] INFO  testcases.BaseTest - Opening browser
2026-06-13 15:20:26.901 [main] WARN  utilities.DriverFactory - No browser specified. Defaulting to Chrome
2026-06-13 15:20:26.901 [main] INFO  utilities.DriverFactory - No driver found. Creating new driver for: chrome
2026-06-13 15:20:26.901 [main] INFO  utilities.DriverFactory - Initializing driver for: chrome
2026-06-13 15:20:26.902 [main] INFO  utilities.DriverFactory - Starting ChromeDriver
2026-06-13 15:20:28.395 [main] INFO  testcases.BaseTest - Navigating to SauceDemo
2026-06-13 15:20:34.570 [main] INFO  testcases.BaseTest - Closing browser
2026-06-13 15:20:34.570 [main] INFO  utilities.DriverFactory - Closing browser
2026-06-13 15:20:34.756 [main] INFO  testcases.BaseTest - Opening browser
2026-06-13 15:20:34.756 [main] WARN  utilities.DriverFactory - No browser specified. Defaulting to Chrome
2026-06-13 15:20:34.757 [main] INFO  utilities.DriverFactory - No driver found. Creating new driver for: chrome
2026-06-13 15:20:34.757 [main] INFO  utilities.DriverFactory - Initializing driver for: chrome
2026-06-13 15:20:34.757 [main] INFO  utilities.DriverFactory - Starting ChromeDriver
2026-06-13 15:20:36.460 [main] INFO  testcases.BaseTest - Navigating to SauceDemo
2026-06-13 15:20:49.158 [main] INFO  testcases.BaseTest - Closing browser
2026-06-13 15:20:49.158 [main] INFO  utilities.DriverFactory - Closing browser
2026-06-13 15:20:49.394 [main] INFO  testcases.BaseTest - Opening browser
2026-06-13 15:20:49.395 [main] WARN  utilities.DriverFactory - No browser specified. Defaulting to Chrome
2026-06-13 15:20:49.395 [main] INFO  utilities.DriverFactory - No driver found. Creating new driver for: chrome
2026-06-13 15:20:49.395 [main] INFO  utilities.DriverFactory - Initializing driver for: chrome
2026-06-13 15:20:49.395 [main] INFO  utilities.DriverFactory - Starting ChromeDriver
2026-06-13 15:20:50.381 [main] INFO  testcases.BaseTest - Navigating to SauceDemo
2026-06-13 15:20:56.562 [main] INFO  testcases.BaseTest - Closing browser
2026-06-13 15:20:56.564 [main] INFO  utilities.DriverFactory - Closing browser
2026-06-13 15:20:57.288 [main] INFO  testcases.BaseTest - Opening browser
2026-06-13 15:20:57.289 [main] WARN  utilities.DriverFactory - No browser specified. Defaulting to Chrome
2026-06-13 15:20:57.289 [main] INFO  utilities.DriverFactory - No driver found. Creating new driver for: chrome
2026-06-13 15:20:57.290 [main] INFO  utilities.DriverFactory - Initializing driver for: chrome
2026-06-13 15:20:57.290 [main] INFO  utilities.DriverFactory - Starting ChromeDriver
2026-06-13 15:20:58.805 [main] INFO  testcases.BaseTest - Navigating to SauceDemo
2026-06-13 15:21:14.108 [main] INFO  testcases.BaseTest - Closing browser
2026-06-13 15:21:14.108 [main] INFO  utilities.DriverFactory - Closing browser
2026-06-13 15:24:55.925 [main] INFO  testcases.BaseTest - Opening browser
2026-06-13 15:24:55.928 [main] WARN  utilities.DriverFactory - No browser specified. Defaulting to Chrome
2026-06-13 15:24:55.929 [main] INFO  utilities.DriverFactory - No driver found. Creating new driver for: chrome
2026-06-13 15:24:55.931 [main] INFO  utilities.DriverFactory - Initializing driver for: chrome
2026-06-13 15:24:55.931 [main] INFO  utilities.DriverFactory - Starting ChromeDriver
2026-06-13 15:24:57.497 [main] INFO  testcases.BaseTest - Navigating to SauceDemo
2026-06-13 15:25:14.683 [main] INFO  testcases.BaseTest - Closing browser
2026-06-13 15:25:14.683 [main] INFO  utilities.DriverFactory - Closing browser
2026-06-13 15:25:14.947 [main] INFO  testcases.BaseTest - Opening browser
2026-06-13 15:25:14.947 [main] WARN  utilities.DriverFactory - No browser specified. Defaulting to Chrome
2026-06-13 15:25:14.947 [main] INFO  utilities.DriverFactory - No driver found. Creating new driver for: chrome
2026-06-13 15:25:14.947 [main] INFO  utilities.DriverFactory - Initializing driver for: chrome
2026-06-13 15:25:14.948 [main] INFO  utilities.DriverFactory - Starting ChromeDriver
2026-06-13 15:25:16.062 [main] INFO  testcases.BaseTest - Navigating to SauceDemo
2026-06-13 15:25:18.923 [main] INFO  testcases.BaseTest - Closing browser
2026-06-13 15:25:18.924 [main] INFO  utilities.DriverFactory - Closing browser
2026-06-13 15:25:19.070 [main] INFO  testcases.BaseTest - Opening browser
2026-06-13 15:25:19.070 [main] WARN  utilities.DriverFactory - No browser specified. Defaulting to Chrome
2026-06-13 15:25:19.071 [main] INFO  utilities.DriverFactory - No driver found. Creating new driver for: chrome
2026-06-13 15:25:19.071 [main] INFO  utilities.DriverFactory - Initializing driver for: chrome
2026-06-13 15:25:19.071 [main] INFO  utilities.DriverFactory - Starting ChromeDriver
2026-06-13 15:25:19.846 [main] INFO  testcases.BaseTest - Navigating to SauceDemo
2026-06-13 15:25:31.308 [main] INFO  testcases.BaseTest - Closing browser
2026-06-13 15:25:31.308 [main] INFO  utilities.DriverFactory - Closing browser
2026-06-13 15:25:31.483 [main] INFO  testcases.BaseTest - Opening browser
2026-06-13 15:25:31.483 [main] WARN  utilities.DriverFactory - No browser specified. Defaulting to Chrome
2026-06-13 15:25:31.484 [main] INFO  utilities.DriverFactory - No driver found. Creating new driver for: chrome
2026-06-13 15:25:31.484 [main] INFO  utilities.DriverFactory - Initializing driver for: chrome
2026-06-13 15:25:31.484 [main] INFO  utilities.DriverFactory - Starting ChromeDriver
2026-06-13 15:25:32.459 [main] INFO  testcases.BaseTest - Navigating to SauceDemo
2026-06-13 15:25:38.284 [main] INFO  testcases.BaseTest - Closing browser
2026-06-13 15:25:38.285 [main] INFO  utilities.DriverFactory - Closing browser
2026-06-13 15:25:38.683 [main] INFO  testcases.BaseTest - Opening browser
2026-06-13 15:25:38.684 [main] WARN  utilities.DriverFactory - No browser specified. Defaulting to Chrome
2026-06-13 15:25:38.684 [main] INFO  utilities.DriverFactory - No driver found. Creating new driver for: chrome
2026-06-13 15:25:38.684 [main] INFO  utilities.DriverFactory - Initializing driver for: chrome
2026-06-13 15:25:38.685 [main] INFO  utilities.DriverFactory - Starting ChromeDriver
2026-06-13 15:25:39.907 [main] INFO  testcases.BaseTest - Navigating to SauceDemo
2026-06-13 15:25:55.590 [main] INFO  testcases.BaseTest - Closing browser
2026-06-13 15:25:55.591 [main] INFO  utilities.DriverFactory - Closing browser
2026-06-13 15:27:26.652 [main] INFO  testcases.BaseTest - Opening browser
2026-06-13 15:27:26.656 [main] WARN  utilities.DriverFactory - No browser specified. Defaulting to Chrome
2026-06-13 15:27:26.656 [main] INFO  utilities.DriverFactory - No driver found. Creating new driver for: chrome
2026-06-13 15:27:26.658 [main] INFO  utilities.DriverFactory - Initializing driver for: chrome
2026-06-13 15:27:26.658 [main] INFO  utilities.DriverFactory - Starting ChromeDriver
2026-06-13 15:27:28.217 [main] INFO  testcases.BaseTest - Navigating to SauceDemo
2026-06-13 15:27:31.031 [main] INFO  testcases.BaseTest - Closing browser
2026-06-13 15:27:31.031 [main] INFO  utilities.DriverFactory - Closing browser
2026-06-13 15:27:31.189 [main] INFO  testcases.BaseTest - Opening browser
2026-06-13 15:27:31.190 [main] WARN  utilities.DriverFactory - No browser specified. Defaulting to Chrome
2026-06-13 15:27:31.190 [main] INFO  utilities.DriverFactory - No driver found. Creating new driver for: chrome
2026-06-13 15:27:31.190 [main] INFO  utilities.DriverFactory - Initializing driver for: chrome
2026-06-13 15:27:31.190 [main] INFO  utilities.DriverFactory - Starting ChromeDriver
2026-06-13 15:27:32.044 [main] INFO  testcases.BaseTest - Navigating to SauceDemo
2026-06-13 15:27:35.087 [main] INFO  testcases.BaseTest - Closing browser
2026-06-13 15:27:35.088 [main] INFO  utilities.DriverFactory - Closing browser
2026-06-13 15:27:35.251 [main] INFO  testcases.BaseTest - Opening browser
2026-06-13 15:27:35.252 [main] WARN  utilities.DriverFactory - No browser specified. Defaulting to Chrome
2026-06-13 15:27:35.252 [main] INFO  utilities.DriverFactory - No driver found. Creating new driver for: chrome
2026-06-13 15:27:35.252 [main] INFO  utilities.DriverFactory - Initializing driver for: chrome
2026-06-13 15:27:35.252 [main] INFO  utilities.DriverFactory - Starting ChromeDriver
2026-06-13 15:27:36.218 [main] INFO  testcases.BaseTest - Navigating to SauceDemo
2026-06-13 15:27:40.067 [main] INFO  testcases.BaseTest - Closing browser
2026-06-13 15:27:40.067 [main] INFO  utilities.DriverFactory - Closing browser
2026-06-13 15:27:40.223 [main] INFO  testcases.BaseTest - Opening browser
2026-06-13 15:27:40.223 [main] WARN  utilities.DriverFactory - No browser specified. Defaulting to Chrome
2026-06-13 15:27:40.223 [main] INFO  utilities.DriverFactory - No driver found. Creating new driver for: chrome
2026-06-13 15:27:40.223 [main] INFO  utilities.DriverFactory - Initializing driver for: chrome
2026-06-13 15:27:40.224 [main] INFO  utilities.DriverFactory - Starting ChromeDriver
2026-06-13 15:27:41.176 [main] INFO  testcases.BaseTest - Navigating to SauceDemo
2026-06-13 15:27:46.705 [main] INFO  testcases.BaseTest - Closing browser
2026-06-13 15:27:46.705 [main] INFO  utilities.DriverFactory - Closing browser
2026-06-13 15:27:46.883 [main] INFO  testcases.BaseTest - Opening browser
2026-06-13 15:27:46.883 [main] WARN  utilities.DriverFactory - No browser specified. Defaulting to Chrome
2026-06-13 15:27:46.883 [main] INFO  utilities.DriverFactory - No driver found. Creating new driver for: chrome
2026-06-13 15:27:46.884 [main] INFO  utilities.DriverFactory - Initializing driver for: chrome
2026-06-13 15:27:46.884 [main] INFO  utilities.DriverFactory - Starting ChromeDriver
2026-06-13 15:27:48.080 [main] INFO  testcases.BaseTest - Navigating to SauceDemo
2026-06-13 15:28:01.241 [main] INFO  testcases.BaseTest - Closing browser
2026-06-13 15:28:01.241 [main] INFO  utilities.DriverFactory - Closing browser
2026-06-13 15:29:02.919 [main] INFO  testcases.BaseTest - Opening browser
2026-06-13 15:29:02.923 [main] WARN  utilities.DriverFactory - No browser specified. Defaulting to Chrome
2026-06-13 15:29:02.924 [main] INFO  utilities.DriverFactory - No driver found. Creating new driver for: chrome
2026-06-13 15:29:02.926 [main] INFO  utilities.DriverFactory - Initializing driver for: chrome
2026-06-13 15:29:02.926 [main] INFO  utilities.DriverFactory - Starting ChromeDriver
2026-06-13 15:29:05.080 [main] INFO  testcases.BaseTest - Navigating to SauceDemo
2026-06-13 15:29:07.686 [main] INFO  testcases.BaseTest - Closing browser
2026-06-13 15:29:07.686 [main] INFO  utilities.DriverFactory - Closing browser
2026-06-13 15:29:07.840 [main] INFO  testcases.BaseTest - Opening browser
2026-06-13 15:29:07.840 [main] WARN  utilities.DriverFactory - No browser specified. Defaulting to Chrome
2026-06-13 15:29:07.840 [main] INFO  utilities.DriverFactory - No driver found. Creating new driver for: chrome
2026-06-13 15:29:07.840 [main] INFO  utilities.DriverFactory - Initializing driver for: chrome
2026-06-13 15:29:07.840 [main] INFO  utilities.DriverFactory - Starting ChromeDriver
2026-06-13 15:29:08.596 [main] INFO  testcases.BaseTest - Navigating to SauceDemo
2026-06-13 15:29:10.564 [main] INFO  testcases.BaseTest - Closing browser
2026-06-13 15:29:10.564 [main] INFO  utilities.DriverFactory - Closing browser
2026-06-13 15:29:10.704 [main] INFO  testcases.BaseTest - Opening browser
2026-06-13 15:29:10.704 [main] WARN  utilities.DriverFactory - No browser specified. Defaulting to Chrome
2026-06-13 15:29:10.704 [main] INFO  utilities.DriverFactory - No driver found. Creating new driver for: chrome
2026-06-13 15:29:10.704 [main] INFO  utilities.DriverFactory - Initializing driver for: chrome
2026-06-13 15:29:10.705 [main] INFO  utilities.DriverFactory - Starting ChromeDriver
2026-06-13 15:29:12.357 [main] INFO  testcases.BaseTest - Navigating to SauceDemo
2026-06-13 15:29:14.964 [main] INFO  testcases.BaseTest - Closing browser
2026-06-13 15:29:14.964 [main] INFO  utilities.DriverFactory - Closing browser
2026-06-13 15:29:15.109 [main] INFO  testcases.BaseTest - Opening browser
2026-06-13 15:29:15.109 [main] WARN  utilities.DriverFactory - No browser specified. Defaulting to Chrome
2026-06-13 15:29:15.109 [main] INFO  utilities.DriverFactory - No driver found. Creating new driver for: chrome
2026-06-13 15:29:15.109 [main] INFO  utilities.DriverFactory - Initializing driver for: chrome
2026-06-13 15:29:15.109 [main] INFO  utilities.DriverFactory - Starting ChromeDriver
2026-06-13 15:29:16.064 [main] INFO  testcases.BaseTest - Navigating to SauceDemo
2026-06-13 15:29:33.920 [main] INFO  testcases.BaseTest - Closing browser
2026-06-13 15:29:33.922 [main] INFO  utilities.DriverFactory - Closing browser
2026-06-13 15:29:34.607 [main] INFO  testcases.BaseTest - Opening browser
2026-06-13 15:29:34.608 [main] WARN  utilities.DriverFactory - No browser specified. Defaulting to Chrome
2026-06-13 15:29:34.608 [main] INFO  utilities.DriverFactory - No driver found. Creating new driver for: chrome
2026-06-13 15:29:34.608 [main] INFO  utilities.DriverFactory - Initializing driver for: chrome
2026-06-13 15:29:34.608 [main] INFO  utilities.DriverFactory - Starting ChromeDriver
2026-06-13 15:29:35.719 [main] INFO  testcases.BaseTest - Navigating to SauceDemo
2026-06-13 15:29:47.848 [main] INFO  testcases.BaseTest - Closing browser
2026-06-13 15:29:47.848 [main] INFO  utilities.DriverFactory - Closing browser
2026-06-13 15:30:33.207 [main] INFO  testcases.BaseTest - Opening browser
2026-06-13 15:30:33.211 [main] WARN  utilities.DriverFactory - No browser specified. Defaulting to Chrome
2026-06-13 15:30:33.212 [main] INFO  utilities.DriverFactory - No driver found. Creating new driver for: chrome
2026-06-13 15:30:33.214 [main] INFO  utilities.DriverFactory - Initializing driver for: chrome
2026-06-13 15:30:33.214 [main] INFO  utilities.DriverFactory - Starting ChromeDriver
2026-06-13 15:30:35.685 [main] INFO  testcases.BaseTest - Navigating to SauceDemo
2026-06-13 15:30:42.824 [main] INFO  testcases.BaseTest - Closing browser
2026-06-13 15:30:42.825 [main] INFO  utilities.DriverFactory - Closing browser
2026-06-13 15:30:43.517 [main] INFO  testcases.BaseTest - Opening browser
2026-06-13 15:30:43.517 [main] WARN  utilities.DriverFactory - No browser specified. Defaulting to Chrome
2026-06-13 15:30:43.518 [main] INFO  utilities.DriverFactory - No driver found. Creating new driver for: chrome
2026-06-13 15:30:43.518 [main] INFO  utilities.DriverFactory - Initializing driver for: chrome
2026-06-13 15:30:43.518 [main] INFO  utilities.DriverFactory - Starting ChromeDriver
2026-06-13 15:30:45.028 [main] INFO  testcases.BaseTest - Navigating to SauceDemo
2026-06-13 15:30:56.255 [main] INFO  testcases.BaseTest - Closing browser
2026-06-13 15:30:56.255 [main] INFO  utilities.DriverFactory - Closing browser
2026-06-13 15:30:56.431 [main] INFO  testcases.BaseTest - Opening browser
2026-06-13 15:30:56.431 [main] WARN  utilities.DriverFactory - No browser specified. Defaulting to Chrome
2026-06-13 15:30:56.431 [main] INFO  utilities.DriverFactory - No driver found. Creating new driver for: chrome
2026-06-13 15:30:56.431 [main] INFO  utilities.DriverFactory - Initializing driver for: chrome
2026-06-13 15:30:56.431 [main] INFO  utilities.DriverFactory - Starting ChromeDriver
2026-06-13 15:30:59.336 [main] INFO  testcases.BaseTest - Navigating to SauceDemo
2026-06-13 15:31:02.283 [main] INFO  testcases.BaseTest - Closing browser
2026-06-13 15:31:02.283 [main] INFO  utilities.DriverFactory - Closing browser
2026-06-13 15:31:02.435 [main] INFO  testcases.BaseTest - Opening browser
2026-06-13 15:31:02.436 [main] WARN  utilities.DriverFactory - No browser specified. Defaulting to Chrome
2026-06-13 15:31:02.436 [main] INFO  utilities.DriverFactory - No driver found. Creating new driver for: chrome
2026-06-13 15:31:02.436 [main] INFO  utilities.DriverFactory - Initializing driver for: chrome
2026-06-13 15:31:02.436 [main] INFO  utilities.DriverFactory - Starting ChromeDriver
2026-06-13 15:31:03.477 [main] INFO  testcases.BaseTest - Navigating to SauceDemo
2026-06-13 15:31:09.987 [main] INFO  testcases.BaseTest - Closing browser
2026-06-13 15:31:09.988 [main] INFO  utilities.DriverFactory - Closing browser
2026-06-13 15:31:10.512 [main] INFO  testcases.BaseTest - Opening browser
2026-06-13 15:31:10.513 [main] WARN  utilities.DriverFactory - No browser specified. Defaulting to Chrome
2026-06-13 15:31:10.514 [main] INFO  utilities.DriverFactory - No driver found. Creating new driver for: chrome
2026-06-13 15:31:10.515 [main] INFO  utilities.DriverFactory - Initializing driver for: chrome
2026-06-13 15:31:10.516 [main] INFO  utilities.DriverFactory - Starting ChromeDriver
2026-06-13 15:31:13.355 [main] INFO  testcases.BaseTest - Navigating to SauceDemo
2026-06-13 15:31:31.292 [main] INFO  testcases.BaseTest - Closing browser
2026-06-13 15:31:31.293 [main] INFO  utilities.DriverFactory - Closing browser
2026-06-13 15:34:36.315 [main] INFO  testcases.BaseTest - Opening browser
2026-06-13 15:34:36.319 [main] WARN  utilities.DriverFactory - No browser specified. Defaulting to Chrome
2026-06-13 15:34:36.319 [main] INFO  utilities.DriverFactory - No driver found. Creating new driver for: chrome
2026-06-13 15:34:36.321 [main] INFO  utilities.DriverFactory - Initializing driver for: chrome
2026-06-13 15:34:36.321 [main] INFO  utilities.DriverFactory - Starting ChromeDriver
2026-06-13 15:34:37.896 [main] INFO  testcases.BaseTest - Navigating to SauceDemo
2026-06-13 15:34:41.463 [main] INFO  testcases.BaseTest - Closing browser
2026-06-13 15:34:41.464 [main] INFO  utilities.DriverFactory - Closing browser
2026-06-13 15:34:41.633 [main] INFO  testcases.BaseTest - Opening browser
2026-06-13 15:34:41.634 [main] WARN  utilities.DriverFactory - No browser specified. Defaulting to Chrome
2026-06-13 15:34:41.634 [main] INFO  utilities.DriverFactory - No driver found. Creating new driver for: chrome
2026-06-13 15:34:41.634 [main] INFO  utilities.DriverFactory - Initializing driver for: chrome
2026-06-13 15:34:41.634 [main] INFO  utilities.DriverFactory - Starting ChromeDriver
2026-06-13 15:34:42.709 [main] INFO  testcases.BaseTest - Navigating to SauceDemo
2026-06-13 15:34:48.094 [main] INFO  testcases.BaseTest - Closing browser
2026-06-13 15:34:48.094 [main] INFO  utilities.DriverFactory - Closing browser
2026-06-13 15:34:48.370 [main] INFO  testcases.BaseTest - Opening browser
2026-06-13 15:34:48.371 [main] WARN  utilities.DriverFactory - No browser specified. Defaulting to Chrome
2026-06-13 15:34:48.372 [main] INFO  utilities.DriverFactory - No driver found. Creating new driver for: chrome
2026-06-13 15:34:48.373 [main] INFO  utilities.DriverFactory - Initializing driver for: chrome
2026-06-13 15:34:48.374 [main] INFO  utilities.DriverFactory - Starting ChromeDriver
2026-06-13 15:34:50.781 [main] INFO  testcases.BaseTest - Navigating to SauceDemo
2026-06-13 15:35:09.510 [main] INFO  testcases.BaseTest - Closing browser
2026-06-13 15:35:09.511 [main] INFO  utilities.DriverFactory - Closing browser
2026-06-13 15:35:09.770 [main] INFO  testcases.BaseTest - Opening browser
2026-06-13 15:35:09.771 [main] WARN  utilities.DriverFactory - No browser specified. Defaulting to Chrome
2026-06-13 15:35:09.771 [main] INFO  utilities.DriverFactory - No driver found. Creating new driver for: chrome
2026-06-13 15:35:09.771 [main] INFO  utilities.DriverFactory - Initializing driver for: chrome
2026-06-13 15:35:09.771 [main] INFO  utilities.DriverFactory - Starting ChromeDriver
2026-06-13 15:35:10.617 [main] INFO  testcases.BaseTest - Navigating to SauceDemo
2026-06-13 15:35:16.943 [main] INFO  testcases.BaseTest - Closing browser
2026-06-13 15:35:16.944 [main] INFO  utilities.DriverFactory - Closing browser
2026-06-13 15:35:17.155 [main] INFO  testcases.BaseTest - Opening browser
2026-06-13 15:35:17.155 [main] WARN  utilities.DriverFactory - No browser specified. Defaulting to Chrome
2026-06-13 15:35:17.155 [main] INFO  utilities.DriverFactory - No driver found. Creating new driver for: chrome
2026-06-13 15:35:17.156 [main] INFO  utilities.DriverFactory - Initializing driver for: chrome
2026-06-13 15:35:17.156 [main] INFO  utilities.DriverFactory - Starting ChromeDriver
2026-06-13 15:35:18.210 [main] INFO  testcases.BaseTest - Navigating to SauceDemo
2026-06-13 15:35:28.783 [main] INFO  testcases.BaseTest - Closing browser
2026-06-13 15:35:28.783 [main] INFO  utilities.DriverFactory - Closing browser
2026-06-13 15:36:07.100 [main] INFO  testcases.BaseTest - Opening browser
2026-06-13 15:36:07.104 [main] WARN  utilities.DriverFactory - No browser specified. Defaulting to Chrome
2026-06-13 15:36:07.105 [main] INFO  utilities.DriverFactory - No driver found. Creating new driver for: chrome
2026-06-13 15:36:07.108 [main] INFO  utilities.DriverFactory - Initializing driver for: chrome
2026-06-13 15:36:07.108 [main] INFO  utilities.DriverFactory - Starting ChromeDriver
2026-06-13 15:36:08.811 [main] INFO  testcases.BaseTest - Navigating to SauceDemo
2026-06-13 15:36:15.030 [main] INFO  testcases.BaseTest - Closing browser
2026-06-13 15:36:15.031 [main] INFO  utilities.DriverFactory - Closing browser
2026-06-13 15:36:15.249 [main] INFO  testcases.BaseTest - Opening browser
2026-06-13 15:36:15.249 [main] WARN  utilities.DriverFactory - No browser specified. Defaulting to Chrome
2026-06-13 15:36:15.249 [main] INFO  utilities.DriverFactory - No driver found. Creating new driver for: chrome
2026-06-13 15:36:15.249 [main] INFO  utilities.DriverFactory - Initializing driver for: chrome
2026-06-13 15:36:15.249 [main] INFO  utilities.DriverFactory - Starting ChromeDriver
2026-06-13 15:36:16.240 [main] INFO  testcases.BaseTest - Navigating to SauceDemo
2026-06-13 15:36:29.313 [main] INFO  testcases.BaseTest - Closing browser
2026-06-13 15:36:29.314 [main] INFO  utilities.DriverFactory - Closing browser
2026-06-13 15:36:30.045 [main] INFO  testcases.BaseTest - Opening browser
2026-06-13 15:36:30.046 [main] WARN  utilities.DriverFactory - No browser specified. Defaulting to Chrome
2026-06-13 15:36:30.047 [main] INFO  utilities.DriverFactory - No driver found. Creating new driver for: chrome
2026-06-13 15:36:30.048 [main] INFO  utilities.DriverFactory - Initializing driver for: chrome
2026-06-13 15:36:30.049 [main] INFO  utilities.DriverFactory - Starting ChromeDriver
2026-06-13 15:36:31.716 [main] INFO  testcases.BaseTest - Navigating to SauceDemo
2026-06-13 15:36:39.475 [main] INFO  testcases.BaseTest - Closing browser
2026-06-13 15:36:39.475 [main] INFO  utilities.DriverFactory - Closing browser
2026-06-13 15:36:40.209 [main] INFO  testcases.BaseTest - Opening browser
2026-06-13 15:36:40.210 [main] WARN  utilities.DriverFactory - No browser specified. Defaulting to Chrome
2026-06-13 15:36:40.211 [main] INFO  utilities.DriverFactory - No driver found. Creating new driver for: chrome
2026-06-13 15:36:40.212 [main] INFO  utilities.DriverFactory - Initializing driver for: chrome
2026-06-13 15:36:40.213 [main] INFO  utilities.DriverFactory - Starting ChromeDriver
2026-06-13 15:36:42.422 [main] INFO  testcases.BaseTest - Navigating to SauceDemo
2026-06-13 15:36:49.142 [main] INFO  testcases.BaseTest - Closing browser
2026-06-13 15:36:49.142 [main] INFO  utilities.DriverFactory - Closing browser
2026-06-13 15:36:49.596 [main] INFO  testcases.BaseTest - Opening browser
2026-06-13 15:36:49.598 [main] WARN  utilities.DriverFactory - No browser specified. Defaulting to Chrome
2026-06-13 15:36:49.598 [main] INFO  utilities.DriverFactory - No driver found. Creating new driver for: chrome
2026-06-13 15:36:49.599 [main] INFO  utilities.DriverFactory - Initializing driver for: chrome
2026-06-13 15:36:49.600 [main] INFO  utilities.DriverFactory - Starting ChromeDriver
2026-06-13 15:36:51.836 [main] INFO  testcases.BaseTest - Navigating to SauceDemo
2026-06-13 15:37:09.566 [main] INFO  testcases.BaseTest - Closing browser
2026-06-13 15:37:09.567 [main] INFO  utilities.DriverFactory - Closing browser
2026-06-13 15:37:15.120 [main] INFO  testcases.BaseTest - Opening browser
2026-06-13 15:37:15.124 [main] WARN  utilities.DriverFactory - No browser specified. Defaulting to Chrome
2026-06-13 15:37:15.124 [main] INFO  utilities.DriverFactory - No driver found. Creating new driver for: chrome
2026-06-13 15:37:15.126 [main] INFO  utilities.DriverFactory - Initializing driver for: chrome
2026-06-13 15:37:15.126 [main] INFO  utilities.DriverFactory - Starting ChromeDriver
2026-06-13 15:37:16.963 [main] INFO  testcases.BaseTest - Navigating to SauceDemo
2026-06-13 15:37:18.934 [main] INFO  testcases.BaseTest - Closing browser
2026-06-13 15:37:18.934 [main] INFO  utilities.DriverFactory - Closing browser
2026-06-13 15:37:19.110 [main] INFO  testcases.BaseTest - Opening browser
2026-06-13 15:37:19.110 [main] WARN  utilities.DriverFactory - No browser specified. Defaulting to Chrome
2026-06-13 15:37:19.110 [main] INFO  utilities.DriverFactory - No driver found. Creating new driver for: chrome
2026-06-13 15:37:19.111 [main] INFO  utilities.DriverFactory - Initializing driver for: chrome
2026-06-13 15:37:19.111 [main] INFO  utilities.DriverFactory - Starting ChromeDriver
2026-06-13 15:37:20.163 [main] INFO  testcases.BaseTest - Navigating to SauceDemo
2026-06-13 15:37:21.966 [main] INFO  testcases.BaseTest - Closing browser
2026-06-13 15:37:21.966 [main] INFO  utilities.DriverFactory - Closing browser
2026-06-13 15:37:22.130 [main] INFO  testcases.BaseTest - Opening browser
2026-06-13 15:37:22.130 [main] WARN  utilities.DriverFactory - No browser specified. Defaulting to Chrome
2026-06-13 15:37:22.130 [main] INFO  utilities.DriverFactory - No driver found. Creating new driver for: chrome
2026-06-13 15:37:22.130 [main] INFO  utilities.DriverFactory - Initializing driver for: chrome
2026-06-13 15:37:22.130 [main] INFO  utilities.DriverFactory - Starting ChromeDriver
2026-06-13 15:37:23.381 [main] INFO  testcases.BaseTest - Navigating to SauceDemo
2026-06-13 15:37:28.738 [main] INFO  testcases.BaseTest - Closing browser
2026-06-13 15:37:28.738 [main] INFO  utilities.DriverFactory - Closing browser
2026-06-13 15:37:28.949 [main] INFO  testcases.BaseTest - Opening browser
2026-06-13 15:37:28.950 [main] WARN  utilities.DriverFactory - No browser specified. Defaulting to Chrome
2026-06-13 15:37:28.950 [main] INFO  utilities.DriverFactory - No driver found. Creating new driver for: chrome
2026-06-13 15:37:28.951 [main] INFO  utilities.DriverFactory - Initializing driver for: chrome
2026-06-13 15:37:28.951 [main] INFO  utilities.DriverFactory - Starting ChromeDriver
2026-06-13 15:37:30.866 [main] INFO  testcases.BaseTest - Navigating to SauceDemo
2026-06-13 15:37:47.795 [main] INFO  testcases.BaseTest - Closing browser
2026-06-13 15:37:47.796 [main] INFO  utilities.DriverFactory - Closing browser
2026-06-13 15:37:48.145 [main] INFO  testcases.BaseTest - Opening browser
2026-06-13 15:37:48.145 [main] WARN  utilities.DriverFactory - No browser specified. Defaulting to Chrome
2026-06-13 15:37:48.145 [main] INFO  utilities.DriverFactory - No driver found. Creating new driver for: chrome
2026-06-13 15:37:48.145 [main] INFO  utilities.DriverFactory - Initializing driver for: chrome
2026-06-13 15:37:48.145 [main] INFO  utilities.DriverFactory - Starting ChromeDriver
2026-06-13 15:37:49.505 [main] INFO  testcases.BaseTest - Navigating to SauceDemo
2026-06-13 15:37:57.389 [main] INFO  testcases.BaseTest - Closing browser
2026-06-13 15:37:57.389 [main] INFO  utilities.DriverFactory - Closing browser
2026-06-13 15:37:57.561 [main] INFO  testcases.BaseTest - Opening browser
2026-06-13 15:37:57.561 [main] WARN  utilities.DriverFactory - No browser specified. Defaulting to Chrome
2026-06-13 15:37:57.561 [main] INFO  utilities.DriverFactory - No driver found. Creating new driver for: chrome
2026-06-13 15:37:57.561 [main] INFO  utilities.DriverFactory - Initializing driver for: chrome
2026-06-13 15:37:57.561 [main] INFO  utilities.DriverFactory - Starting ChromeDriver
2026-06-13 15:37:58.775 [main] INFO  testcases.BaseTest - Navigating to SauceDemo
2026-06-13 15:38:17.672 [main] INFO  testcases.BaseTest - Closing browser
2026-06-13 15:38:17.672 [main] INFO  utilities.DriverFactory - Closing browser
2026-06-13 15:38:18.316 [main] INFO  testcases.BaseTest - Opening browser
2026-06-13 15:38:18.319 [main] WARN  utilities.DriverFactory - No browser specified. Defaulting to Chrome
2026-06-13 15:38:18.319 [main] INFO  utilities.DriverFactory - No driver found. Creating new driver for: chrome
2026-06-13 15:38:18.320 [main] INFO  utilities.DriverFactory - Initializing driver for: chrome
2026-06-13 15:38:18.320 [main] INFO  utilities.DriverFactory - Starting ChromeDriver
2026-06-13 15:38:19.960 [main] INFO  testcases.BaseTest - Navigating to SauceDemo
2026-06-13 15:38:21.772 [main] INFO  testcases.BaseTest - Closing browser
2026-06-13 15:38:21.772 [main] INFO  utilities.DriverFactory - Closing browser
2026-06-13 15:38:21.956 [main] INFO  testcases.BaseTest - Opening browser
2026-06-13 15:38:21.956 [main] WARN  utilities.DriverFactory - No browser specified. Defaulting to Chrome
2026-06-13 15:38:21.956 [main] INFO  utilities.DriverFactory - No driver found. Creating new driver for: chrome
2026-06-13 15:38:21.956 [main] INFO  utilities.DriverFactory - Initializing driver for: chrome
2026-06-13 15:38:21.956 [main] INFO  utilities.DriverFactory - Starting ChromeDriver
2026-06-13 15:38:23.031 [main] INFO  testcases.BaseTest - Navigating to SauceDemo
2026-06-13 15:38:36.299 [main] INFO  testcases.BaseTest - Closing browser
2026-06-13 15:38:36.299 [main] INFO  utilities.DriverFactory - Closing browser
2026-06-13 15:38:36.464 [main] INFO  testcases.BaseTest - Opening browser
2026-06-13 15:38:36.465 [main] WARN  utilities.DriverFactory - No browser specified. Defaulting to Chrome
2026-06-13 15:38:36.465 [main] INFO  utilities.DriverFactory - No driver found. Creating new driver for: chrome
2026-06-13 15:38:36.465 [main] INFO  utilities.DriverFactory - Initializing driver for: chrome
2026-06-13 15:38:36.465 [main] INFO  utilities.DriverFactory - Starting ChromeDriver
2026-06-13 15:38:37.433 [main] INFO  testcases.BaseTest - Navigating to SauceDemo
2026-06-13 15:38:49.540 [main] INFO  testcases.BaseTest - Closing browser
2026-06-13 15:38:49.541 [main] INFO  utilities.DriverFactory - Closing browser
2026-06-13 15:38:50.354 [main] INFO  testcases.BaseTest - Opening browser
2026-06-13 15:38:50.354 [main] WARN  utilities.DriverFactory - No browser specified. Defaulting to Chrome
2026-06-13 15:38:50.355 [main] INFO  utilities.DriverFactory - No driver found. Creating new driver for: chrome
2026-06-13 15:38:50.355 [main] INFO  utilities.DriverFactory - Initializing driver for: chrome
2026-06-13 15:38:50.356 [main] INFO  utilities.DriverFactory - Starting ChromeDriver
2026-06-13 15:38:51.566 [main] INFO  testcases.BaseTest - Navigating to SauceDemo
2026-06-13 15:38:53.085 [main] INFO  testcases.BaseTest - Closing browser
2026-06-13 15:38:53.085 [main] INFO  utilities.DriverFactory - Closing browser
2026-06-13 15:38:53.226 [main] INFO  testcases.BaseTest - Opening browser
2026-06-13 15:38:53.226 [main] WARN  utilities.DriverFactory - No browser specified. Defaulting to Chrome
2026-06-13 15:38:53.226 [main] INFO  utilities.DriverFactory - No driver found. Creating new driver for: chrome
2026-06-13 15:38:53.226 [main] INFO  utilities.DriverFactory - Initializing driver for: chrome
2026-06-13 15:38:53.226 [main] INFO  utilities.DriverFactory - Starting ChromeDriver
2026-06-13 15:38:54.257 [main] INFO  testcases.BaseTest - Navigating to SauceDemo
2026-06-13 15:38:55.414 [main] INFO  testcases.BaseTest - Closing browser
2026-06-13 15:38:55.415 [main] INFO  utilities.DriverFactory - Closing browser
2026-06-13 15:38:55.570 [main] INFO  testcases.BaseTest - Opening browser
2026-06-13 15:38:55.570 [main] WARN  utilities.DriverFactory - No browser specified. Defaulting to Chrome
2026-06-13 15:38:55.570 [main] INFO  utilities.DriverFactory - No driver found. Creating new driver for: chrome
2026-06-13 15:38:55.570 [main] INFO  utilities.DriverFactory - Initializing driver for: chrome
2026-06-13 15:38:55.570 [main] INFO  utilities.DriverFactory - Starting ChromeDriver
2026-06-13 15:38:57.144 [main] INFO  testcases.BaseTest - Navigating to SauceDemo
2026-06-13 15:38:58.382 [main] INFO  testcases.BaseTest - Closing browser
2026-06-13 15:38:58.382 [main] INFO  utilities.DriverFactory - Closing browser
2026-06-13 15:38:58.581 [main] INFO  testcases.BaseTest - Opening browser
2026-06-13 15:38:58.581 [main] WARN  utilities.DriverFactory - No browser specified. Defaulting to Chrome
2026-06-13 15:38:58.581 [main] INFO  utilities.DriverFactory - No driver found. Creating new driver for: chrome
2026-06-13 15:38:58.582 [main] INFO  utilities.DriverFactory - Initializing driver for: chrome
2026-06-13 15:38:58.582 [main] INFO  utilities.DriverFactory - Starting ChromeDriver
2026-06-13 15:38:59.395 [main] INFO  testcases.BaseTest - Navigating to SauceDemo
2026-06-13 15:39:00.547 [main] INFO  testcases.BaseTest - Closing browser
2026-06-13 15:39:00.547 [main] INFO  utilities.DriverFactory - Closing browser
2026-06-13 15:39:00.682 [main] INFO  testcases.BaseTest - Opening browser
2026-06-13 15:39:00.682 [main] WARN  utilities.DriverFactory - No browser specified. Defaulting to Chrome
2026-06-13 15:39:00.682 [main] INFO  utilities.DriverFactory - No driver found. Creating new driver for: chrome
2026-06-13 15:39:00.683 [main] INFO  utilities.DriverFactory - Initializing driver for: chrome
2026-06-13 15:39:00.683 [main] INFO  utilities.DriverFactory - Starting ChromeDriver
2026-06-13 15:39:01.711 [main] INFO  testcases.BaseTest - Navigating to SauceDemo
2026-06-13 15:39:05.595 [main] INFO  testcases.BaseTest - Closing browser
2026-06-13 15:39:05.595 [main] INFO  utilities.DriverFactory - Closing browser
2026-06-13 15:39:05.796 [main] INFO  testcases.BaseTest - Opening browser
2026-06-13 15:39:05.797 [main] WARN  utilities.DriverFactory - No browser specified. Defaulting to Chrome
2026-06-13 15:39:05.797 [main] INFO  utilities.DriverFactory - No driver found. Creating new driver for: chrome
2026-06-13 15:39:05.797 [main] INFO  utilities.DriverFactory - Initializing driver for: chrome
2026-06-13 15:39:05.797 [main] INFO  utilities.DriverFactory - Starting ChromeDriver
2026-06-13 15:39:06.741 [main] INFO  testcases.BaseTest - Navigating to SauceDemo
2026-06-13 15:39:08.573 [main] INFO  testcases.BaseTest - Closing browser
2026-06-13 15:39:08.573 [main] INFO  utilities.DriverFactory - Closing browser
2026-06-13 15:39:08.864 [main] INFO  testcases.BaseTest - Opening browser
2026-06-13 15:39:08.864 [main] WARN  utilities.DriverFactory - No browser specified. Defaulting to Chrome
2026-06-13 15:39:08.864 [main] INFO  utilities.DriverFactory - No driver found. Creating new driver for: chrome
2026-06-13 15:39:08.864 [main] INFO  utilities.DriverFactory - Initializing driver for: chrome
2026-06-13 15:39:08.864 [main] INFO  utilities.DriverFactory - Starting ChromeDriver
2026-06-13 15:39:09.695 [main] INFO  testcases.BaseTest - Navigating to SauceDemo
2026-06-13 15:39:16.432 [main] INFO  testcases.BaseTest - Closing browser
2026-06-13 15:39:16.433 [main] INFO  utilities.DriverFactory - Closing browser
2026-06-13 15:39:17.139 [main] INFO  testcases.BaseTest - Opening browser
2026-06-13 15:39:17.139 [main] WARN  utilities.DriverFactory - No browser specified. Defaulting to Chrome
2026-06-13 15:39:17.139 [main] INFO  utilities.DriverFactory - No driver found. Creating new driver for: chrome
2026-06-13 15:39:17.139 [main] INFO  utilities.DriverFactory - Initializing driver for: chrome
2026-06-13 15:39:17.139 [main] INFO  utilities.DriverFactory - Starting ChromeDriver
2026-06-13 15:39:18.004 [main] INFO  testcases.BaseTest - Navigating to SauceDemo
2026-06-13 15:39:19.477 [main] INFO  testcases.BaseTest - Closing browser
2026-06-13 15:39:19.477 [main] INFO  utilities.DriverFactory - Closing browser
2026-06-13 15:39:19.623 [main] INFO  testcases.BaseTest - Opening browser
2026-06-13 15:39:19.623 [main] WARN  utilities.DriverFactory - No browser specified. Defaulting to Chrome
2026-06-13 15:39:19.623 [main] INFO  utilities.DriverFactory - No driver found. Creating new driver for: chrome
2026-06-13 15:39:19.623 [main] INFO  utilities.DriverFactory - Initializing driver for: chrome
2026-06-13 15:39:19.623 [main] INFO  utilities.DriverFactory - Starting ChromeDriver
2026-06-13 15:39:20.608 [main] INFO  testcases.BaseTest - Navigating to SauceDemo
2026-06-13 15:39:33.702 [main] INFO  testcases.BaseTest - Closing browser
2026-06-13 15:39:33.703 [main] INFO  utilities.DriverFactory - Closing browser
2026-06-13 15:39:34.466 [main] INFO  testcases.BaseTest - Opening browser
2026-06-13 15:39:34.466 [main] WARN  utilities.DriverFactory - No browser specified. Defaulting to Chrome
2026-06-13 15:39:34.466 [main] INFO  utilities.DriverFactory - No driver found. Creating new driver for: chrome
2026-06-13 15:39:34.466 [main] INFO  utilities.DriverFactory - Initializing driver for: chrome
2026-06-13 15:39:34.466 [main] INFO  utilities.DriverFactory - Starting ChromeDriver
2026-06-13 15:39:37.042 [main] INFO  testcases.BaseTest - Navigating to SauceDemo
2026-06-13 15:39:38.335 [main] INFO  testcases.BaseTest - Closing browser
2026-06-13 15:39:38.335 [main] INFO  utilities.DriverFactory - Closing browser
2026-06-13 15:39:38.481 [main] INFO  testcases.BaseTest - Opening browser
2026-06-13 15:39:38.481 [main] WARN  utilities.DriverFactory - No browser specified. Defaulting to Chrome
2026-06-13 15:39:38.481 [main] INFO  utilities.DriverFactory - No driver found. Creating new driver for: chrome
2026-06-13 15:39:38.481 [main] INFO  utilities.DriverFactory - Initializing driver for: chrome
2026-06-13 15:39:38.481 [main] INFO  utilities.DriverFactory - Starting ChromeDriver
2026-06-13 15:39:39.445 [main] INFO  testcases.BaseTest - Navigating to SauceDemo
2026-06-13 15:39:40.487 [main] INFO  testcases.BaseTest - Closing browser
2026-06-13 15:39:40.487 [main] INFO  utilities.DriverFactory - Closing browser
2026-06-13 15:41:28.642 [main] INFO  testcases.BaseTest - Opening browser
2026-06-13 15:41:28.648 [main] WARN  utilities.DriverFactory - No browser specified. Defaulting to Chrome
2026-06-13 15:41:28.648 [main] INFO  utilities.DriverFactory - No driver found. Creating new driver for: chrome
2026-06-13 15:41:28.651 [main] INFO  utilities.DriverFactory - Initializing driver for: chrome
2026-06-13 15:41:28.651 [main] INFO  utilities.DriverFactory - Starting ChromeDriver
2026-06-13 15:41:30.439 [main] INFO  testcases.BaseTest - Navigating to SauceDemo
2026-06-13 15:41:49.102 [main] INFO  testcases.BaseTest - Closing browser
2026-06-13 15:41:49.102 [main] INFO  utilities.DriverFactory - Closing browser
2026-06-13 15:41:49.336 [main] INFO  testcases.BaseTest - Opening browser
2026-06-13 15:41:49.337 [main] WARN  utilities.DriverFactory - No browser specified. Defaulting to Chrome
2026-06-13 15:41:49.337 [main] INFO  utilities.DriverFactory - No driver found. Creating new driver for: chrome
2026-06-13 15:41:49.337 [main] INFO  utilities.DriverFactory - Initializing driver for: chrome
2026-06-13 15:41:49.337 [main] INFO  utilities.DriverFactory - Starting ChromeDriver
2026-06-13 15:41:50.388 [main] INFO  testcases.BaseTest - Navigating to SauceDemo
2026-06-13 15:41:53.819 [main] INFO  testcases.BaseTest - Closing browser
2026-06-13 15:41:53.819 [main] INFO  utilities.DriverFactory - Closing browser
2026-06-13 15:41:53.967 [main] INFO  testcases.BaseTest - Opening browser
2026-06-13 15:41:53.967 [main] WARN  utilities.DriverFactory - No browser specified. Defaulting to Chrome
2026-06-13 15:41:53.968 [main] INFO  utilities.DriverFactory - No driver found. Creating new driver for: chrome
2026-06-13 15:41:53.968 [main] INFO  utilities.DriverFactory - Initializing driver for: chrome
2026-06-13 15:41:53.968 [main] INFO  utilities.DriverFactory - Starting ChromeDriver
2026-06-13 15:41:55.667 [main] INFO  testcases.BaseTest - Navigating to SauceDemo
2026-06-13 15:42:09.904 [main] INFO  testcases.BaseTest - Closing browser
2026-06-13 15:42:09.905 [main] INFO  utilities.DriverFactory - Closing browser
2026-06-13 15:42:10.123 [main] INFO  testcases.BaseTest - Opening browser
2026-06-13 15:42:10.124 [main] WARN  utilities.DriverFactory - No browser specified. Defaulting to Chrome
2026-06-13 15:42:10.125 [main] INFO  utilities.DriverFactory - No driver found. Creating new driver for: chrome
2026-06-13 15:42:10.126 [main] INFO  utilities.DriverFactory - Initializing driver for: chrome
2026-06-13 15:42:10.127 [main] INFO  utilities.DriverFactory - Starting ChromeDriver
2026-06-13 15:42:13.259 [main] INFO  testcases.BaseTest - Navigating to SauceDemo
2026-06-13 15:42:25.284 [main] INFO  testcases.BaseTest - Closing browser
2026-06-13 15:42:25.286 [main] INFO  utilities.DriverFactory - Closing browser
2026-06-13 15:46:40.415 [main] INFO  testcases.BaseTest - Opening browser
2026-06-13 15:46:40.421 [main] WARN  utilities.DriverFactory - No browser specified. Defaulting to Chrome
2026-06-13 15:46:40.421 [main] INFO  utilities.DriverFactory - No driver found. Creating new driver for: chrome
2026-06-13 15:46:40.424 [main] INFO  utilities.DriverFactory - Initializing driver for: chrome
2026-06-13 15:46:40.424 [main] INFO  utilities.DriverFactory - Starting ChromeDriver
2026-06-13 15:46:42.940 [main] INFO  testcases.BaseTest - Navigating to SauceDemo
2026-06-13 15:46:50.341 [main] INFO  testcases.BaseTest - Closing browser
2026-06-13 15:46:50.342 [main] INFO  utilities.DriverFactory - Closing browser
2026-06-13 15:47:56.142 [main] INFO  testcases.BaseTest - Opening browser
2026-06-13 15:47:56.146 [main] WARN  utilities.DriverFactory - No browser specified. Defaulting to Chrome
2026-06-13 15:47:56.147 [main] INFO  utilities.DriverFactory - No driver found. Creating new driver for: chrome
2026-06-13 15:47:56.149 [main] INFO  utilities.DriverFactory - Initializing driver for: chrome
2026-06-13 15:47:56.149 [main] INFO  utilities.DriverFactory - Starting ChromeDriver
2026-06-13 15:47:57.827 [main] INFO  testcases.BaseTest - Navigating to SauceDemo
2026-06-13 15:48:10.489 [main] INFO  testcases.BaseTest - Closing browser
2026-06-13 15:48:10.489 [main] INFO  utilities.DriverFactory - Closing browser
2026-06-13 15:48:10.665 [main] INFO  testcases.BaseTest - Opening browser
2026-06-13 15:48:10.666 [main] WARN  utilities.DriverFactory - No browser specified. Defaulting to Chrome
2026-06-13 15:48:10.666 [main] INFO  utilities.DriverFactory - No driver found. Creating new driver for: chrome
2026-06-13 15:48:10.666 [main] INFO  utilities.DriverFactory - Initializing driver for: chrome
2026-06-13 15:48:10.666 [main] INFO  utilities.DriverFactory - Starting ChromeDriver
2026-06-13 15:48:11.511 [main] INFO  testcases.BaseTest - Navigating to SauceDemo
2026-06-13 15:48:13.399 [main] INFO  testcases.BaseTest - Closing browser
2026-06-13 15:48:13.400 [main] INFO  utilities.DriverFactory - Closing browser
2026-06-13 15:48:13.547 [main] INFO  testcases.BaseTest - Opening browser
2026-06-13 15:48:13.548 [main] WARN  utilities.DriverFactory - No browser specified. Defaulting to Chrome
2026-06-13 15:48:13.548 [main] INFO  utilities.DriverFactory - No driver found. Creating new driver for: chrome
2026-06-13 15:48:13.548 [main] INFO  utilities.DriverFactory - Initializing driver for: chrome
2026-06-13 15:48:13.548 [main] INFO  utilities.DriverFactory - Starting ChromeDriver
2026-06-13 15:48:14.641 [main] INFO  testcases.BaseTest - Navigating to SauceDemo
2026-06-13 15:48:16.452 [main] INFO  testcases.BaseTest - Closing browser
2026-06-13 15:48:16.452 [main] INFO  utilities.DriverFactory - Closing browser
2026-06-13 15:48:16.763 [main] INFO  testcases.BaseTest - Opening browser
2026-06-13 15:48:16.763 [main] WARN  utilities.DriverFactory - No browser specified. Defaulting to Chrome
2026-06-13 15:48:16.763 [main] INFO  utilities.DriverFactory - No driver found. Creating new driver for: chrome
2026-06-13 15:48:16.763 [main] INFO  utilities.DriverFactory - Initializing driver for: chrome
2026-06-13 15:48:16.763 [main] INFO  utilities.DriverFactory - Starting ChromeDriver
2026-06-13 15:48:17.698 [main] INFO  testcases.BaseTest - Navigating to SauceDemo
2026-06-13 15:48:29.622 [main] INFO  testcases.BaseTest - Closing browser
2026-06-13 15:48:29.623 [main] INFO  utilities.DriverFactory - Closing browser
2026-06-13 15:48:40.853 [main] INFO  testcases.BaseTest - Opening browser
2026-06-13 15:48:40.856 [main] WARN  utilities.DriverFactory - No browser specified. Defaulting to Chrome
2026-06-13 15:48:40.856 [main] INFO  utilities.DriverFactory - No driver found. Creating new driver for: chrome
2026-06-13 15:48:40.858 [main] INFO  utilities.DriverFactory - Initializing driver for: chrome
2026-06-13 15:48:40.858 [main] INFO  utilities.DriverFactory - Starting ChromeDriver
2026-06-13 15:48:42.450 [main] INFO  testcases.BaseTest - Navigating to SauceDemo
2026-06-13 15:48:48.467 [main] INFO  testcases.BaseTest - Closing browser
2026-06-13 15:48:48.467 [main] INFO  utilities.DriverFactory - Closing browser
2026-06-13 15:48:48.847 [main] INFO  testcases.BaseTest - Opening browser
2026-06-13 15:48:48.849 [main] WARN  utilities.DriverFactory - No browser specified. Defaulting to Chrome
2026-06-13 15:48:48.849 [main] INFO  utilities.DriverFactory - No driver found. Creating new driver for: chrome
2026-06-13 15:48:48.850 [main] INFO  utilities.DriverFactory - Initializing driver for: chrome
2026-06-13 15:48:48.850 [main] INFO  utilities.DriverFactory - Starting ChromeDriver
2026-06-13 15:48:50.588 [main] INFO  testcases.BaseTest - Navigating to SauceDemo
2026-06-13 15:48:52.418 [main] INFO  testcases.BaseTest - Closing browser
2026-06-13 15:48:52.419 [main] INFO  utilities.DriverFactory - Closing browser
2026-06-13 15:48:52.588 [main] INFO  testcases.BaseTest - Opening browser
2026-06-13 15:48:52.589 [main] WARN  utilities.DriverFactory - No browser specified. Defaulting to Chrome
2026-06-13 15:48:52.589 [main] INFO  utilities.DriverFactory - No driver found. Creating new driver for: chrome
2026-06-13 15:48:52.589 [main] INFO  utilities.DriverFactory - Initializing driver for: chrome
2026-06-13 15:48:52.589 [main] INFO  utilities.DriverFactory - Starting ChromeDriver
2026-06-13 15:48:54.360 [main] INFO  testcases.BaseTest - Navigating to SauceDemo
2026-06-13 15:48:57.277 [main] INFO  testcases.BaseTest - Closing browser
2026-06-13 15:48:57.277 [main] INFO  utilities.DriverFactory - Closing browser
2026-06-13 15:48:57.449 [main] INFO  testcases.BaseTest - Opening browser
2026-06-13 15:48:57.450 [main] WARN  utilities.DriverFactory - No browser specified. Defaulting to Chrome
2026-06-13 15:48:57.450 [main] INFO  utilities.DriverFactory - No driver found. Creating new driver for: chrome
2026-06-13 15:48:57.450 [main] INFO  utilities.DriverFactory - Initializing driver for: chrome
2026-06-13 15:48:57.450 [main] INFO  utilities.DriverFactory - Starting ChromeDriver
2026-06-13 15:48:58.687 [main] INFO  testcases.BaseTest - Navigating to SauceDemo
2026-06-13 15:49:02.239 [main] INFO  testcases.BaseTest - Closing browser
2026-06-13 15:49:02.240 [main] INFO  utilities.DriverFactory - Closing browser
2026-06-13 15:49:02.410 [main] INFO  testcases.BaseTest - Opening browser
2026-06-13 15:49:02.410 [main] WARN  utilities.DriverFactory - No browser specified. Defaulting to Chrome
2026-06-13 15:49:02.410 [main] INFO  utilities.DriverFactory - No driver found. Creating new driver for: chrome
2026-06-13 15:49:02.410 [main] INFO  utilities.DriverFactory - Initializing driver for: chrome
2026-06-13 15:49:02.410 [main] INFO  utilities.DriverFactory - Starting ChromeDriver
2026-06-13 15:49:03.741 [main] INFO  testcases.BaseTest - Navigating to SauceDemo
2026-06-13 15:49:06.992 [main] INFO  testcases.BaseTest - Closing browser
2026-06-13 15:49:06.992 [main] INFO  utilities.DriverFactory - Closing browser
2026-06-13 15:49:07.170 [main] INFO  testcases.BaseTest - Opening browser
2026-06-13 15:49:07.170 [main] WARN  utilities.DriverFactory - No browser specified. Defaulting to Chrome
2026-06-13 15:49:07.170 [main] INFO  utilities.DriverFactory - No driver found. Creating new driver for: chrome
2026-06-13 15:49:07.170 [main] INFO  utilities.DriverFactory - Initializing driver for: chrome
2026-06-13 15:49:07.170 [main] INFO  utilities.DriverFactory - Starting ChromeDriver
2026-06-13 15:49:08.400 [main] INFO  testcases.BaseTest - Navigating to SauceDemo
2026-06-13 15:49:21.573 [main] INFO  testcases.BaseTest - Closing browser
2026-06-13 15:49:21.574 [main] INFO  utilities.DriverFactory - Closing browser
2026-06-13 15:49:22.145 [main] INFO  testcases.BaseTest - Opening browser
2026-06-13 15:49:22.146 [main] WARN  utilities.DriverFactory - No browser specified. Defaulting to Chrome
2026-06-13 15:49:22.146 [main] INFO  utilities.DriverFactory - No driver found. Creating new driver for: chrome
2026-06-13 15:49:22.146 [main] INFO  utilities.DriverFactory - Initializing driver for: chrome
2026-06-13 15:49:22.146 [main] INFO  utilities.DriverFactory - Starting ChromeDriver
2026-06-13 15:49:24.755 [main] INFO  testcases.BaseTest - Navigating to SauceDemo
2026-06-13 15:49:27.261 [main] INFO  testcases.BaseTest - Closing browser
2026-06-13 15:49:27.261 [main] INFO  utilities.DriverFactory - Closing browser
2026-06-13 15:49:27.438 [main] INFO  testcases.BaseTest - Opening browser
2026-06-13 15:49:27.438 [main] WARN  utilities.DriverFactory - No browser specified. Defaulting to Chrome
2026-06-13 15:49:27.438 [main] INFO  utilities.DriverFactory - No driver found. Creating new driver for: chrome
2026-06-13 15:49:27.438 [main] INFO  utilities.DriverFactory - Initializing driver for: chrome
2026-06-13 15:49:27.438 [main] INFO  utilities.DriverFactory - Starting ChromeDriver
2026-06-13 15:49:28.411 [main] INFO  testcases.BaseTest - Navigating to SauceDemo
2026-06-13 15:49:39.708 [main] INFO  testcases.BaseTest - Closing browser
2026-06-13 15:49:39.708 [main] INFO  utilities.DriverFactory - Closing browser
2026-06-13 15:49:39.900 [main] INFO  testcases.BaseTest - Opening browser
2026-06-13 15:49:39.900 [main] WARN  utilities.DriverFactory - No browser specified. Defaulting to Chrome
2026-06-13 15:49:39.900 [main] INFO  utilities.DriverFactory - No driver found. Creating new driver for: chrome
2026-06-13 15:49:39.900 [main] INFO  utilities.DriverFactory - Initializing driver for: chrome
2026-06-13 15:49:39.900 [main] INFO  utilities.DriverFactory - Starting ChromeDriver
2026-06-13 15:49:41.074 [main] INFO  testcases.BaseTest - Navigating to SauceDemo
2026-06-13 15:49:53.558 [main] INFO  testcases.BaseTest - Closing browser
2026-06-13 15:49:53.559 [main] INFO  utilities.DriverFactory - Closing browser
2026-06-13 15:49:54.617 [main] INFO  testcases.BaseTest - Opening browser
2026-06-13 15:49:54.618 [main] WARN  utilities.DriverFactory - No browser specified. Defaulting to Chrome
2026-06-13 15:49:54.619 [main] INFO  utilities.DriverFactory - No driver found. Creating new driver for: chrome
2026-06-13 15:49:54.619 [main] INFO  utilities.DriverFactory - Initializing driver for: chrome
2026-06-13 15:49:54.632 [main] INFO  utilities.DriverFactory - Starting ChromeDriver
2026-06-13 15:49:55.937 [main] INFO  testcases.BaseTest - Navigating to SauceDemo
2026-06-13 15:49:57.336 [main] INFO  testcases.BaseTest - Closing browser
2026-06-13 15:49:57.336 [main] INFO  utilities.DriverFactory - Closing browser
2026-06-13 15:49:57.582 [main] INFO  testcases.BaseTest - Opening browser
2026-06-13 15:49:57.582 [main] WARN  utilities.DriverFactory - No browser specified. Defaulting to Chrome
2026-06-13 15:49:57.583 [main] INFO  utilities.DriverFactory - No driver found. Creating new driver for: chrome
2026-06-13 15:49:57.583 [main] INFO  utilities.DriverFactory - Initializing driver for: chrome
2026-06-13 15:49:57.583 [main] INFO  utilities.DriverFactory - Starting ChromeDriver
2026-06-13 15:49:58.866 [main] INFO  testcases.BaseTest - Navigating to SauceDemo
2026-06-13 15:50:02.045 [main] INFO  testcases.BaseTest - Closing browser
2026-06-13 15:50:02.046 [main] INFO  utilities.DriverFactory - Closing browser
2026-06-13 15:50:02.717 [main] INFO  testcases.BaseTest - Opening browser
2026-06-13 15:50:02.717 [main] WARN  utilities.DriverFactory - No browser specified. Defaulting to Chrome
2026-06-13 15:50:02.717 [main] INFO  utilities.DriverFactory - No driver found. Creating new driver for: chrome
2026-06-13 15:50:02.717 [main] INFO  utilities.DriverFactory - Initializing driver for: chrome
2026-06-13 15:50:02.717 [main] INFO  utilities.DriverFactory - Starting ChromeDriver
2026-06-13 15:50:03.790 [main] INFO  testcases.BaseTest - Navigating to SauceDemo
2026-06-13 15:50:05.444 [main] INFO  testcases.BaseTest - Closing browser
2026-06-13 15:50:05.444 [main] INFO  utilities.DriverFactory - Closing browser
2026-06-13 15:50:05.580 [main] INFO  testcases.BaseTest - Opening browser
2026-06-13 15:50:05.581 [main] WARN  utilities.DriverFactory - No browser specified. Defaulting to Chrome
2026-06-13 15:50:05.581 [main] INFO  utilities.DriverFactory - No driver found. Creating new driver for: chrome
2026-06-13 15:50:05.581 [main] INFO  utilities.DriverFactory - Initializing driver for: chrome
2026-06-13 15:50:05.581 [main] INFO  utilities.DriverFactory - Starting ChromeDriver
2026-06-13 15:50:06.559 [main] INFO  testcases.BaseTest - Navigating to SauceDemo
2026-06-13 15:50:07.827 [main] INFO  testcases.BaseTest - Closing browser
2026-06-13 15:50:07.827 [main] INFO  utilities.DriverFactory - Closing browser
2026-06-13 15:50:08.080 [main] INFO  testcases.BaseTest - Opening browser
2026-06-13 15:50:08.080 [main] WARN  utilities.DriverFactory - No browser specified. Defaulting to Chrome
2026-06-13 15:50:08.081 [main] INFO  utilities.DriverFactory - No driver found. Creating new driver for: chrome
2026-06-13 15:50:08.081 [main] INFO  utilities.DriverFactory - Initializing driver for: chrome
2026-06-13 15:50:08.081 [main] INFO  utilities.DriverFactory - Starting ChromeDriver
2026-06-13 15:50:08.965 [main] INFO  testcases.BaseTest - Navigating to SauceDemo
2026-06-13 15:50:10.203 [main] INFO  testcases.BaseTest - Closing browser
2026-06-13 15:50:10.203 [main] INFO  utilities.DriverFactory - Closing browser
2026-06-13 15:50:10.379 [main] INFO  testcases.BaseTest - Opening browser
2026-06-13 15:50:10.380 [main] WARN  utilities.DriverFactory - No browser specified. Defaulting to Chrome
2026-06-13 15:50:10.380 [main] INFO  utilities.DriverFactory - No driver found. Creating new driver for: chrome
2026-06-13 15:50:10.380 [main] INFO  utilities.DriverFactory - Initializing driver for: chrome
2026-06-13 15:50:10.380 [main] INFO  utilities.DriverFactory - Starting ChromeDriver
2026-06-13 15:50:11.507 [main] INFO  testcases.BaseTest - Navigating to SauceDemo
2026-06-13 15:50:12.940 [main] INFO  testcases.BaseTest - Closing browser
2026-06-13 15:50:12.940 [main] INFO  utilities.DriverFactory - Closing browser
2026-06-13 15:50:13.302 [main] INFO  testcases.BaseTest - Opening browser
2026-06-13 15:50:13.303 [main] WARN  utilities.DriverFactory - No browser specified. Defaulting to Chrome
2026-06-13 15:50:13.303 [main] INFO  utilities.DriverFactory - No driver found. Creating new driver for: chrome
2026-06-13 15:50:13.303 [main] INFO  utilities.DriverFactory - Initializing driver for: chrome
2026-06-13 15:50:13.303 [main] INFO  utilities.DriverFactory - Starting ChromeDriver
2026-06-13 15:50:14.520 [main] INFO  testcases.BaseTest - Navigating to SauceDemo
2026-06-13 15:50:21.974 [main] INFO  testcases.BaseTest - Closing browser
2026-06-13 15:50:21.975 [main] INFO  utilities.DriverFactory - Closing browser
2026-06-13 15:50:22.419 [main] INFO  testcases.BaseTest - Opening browser
2026-06-13 15:50:22.419 [main] WARN  utilities.DriverFactory - No browser specified. Defaulting to Chrome
2026-06-13 15:50:22.420 [main] INFO  utilities.DriverFactory - No driver found. Creating new driver for: chrome
2026-06-13 15:50:22.420 [main] INFO  utilities.DriverFactory - Initializing driver for: chrome
2026-06-13 15:50:22.420 [main] INFO  utilities.DriverFactory - Starting ChromeDriver
2026-06-13 15:50:23.647 [main] INFO  testcases.BaseTest - Navigating to SauceDemo
2026-06-13 15:50:24.816 [main] INFO  testcases.BaseTest - Closing browser
2026-06-13 15:50:24.816 [main] INFO  utilities.DriverFactory - Closing browser
2026-06-13 15:50:24.984 [main] INFO  testcases.BaseTest - Opening browser
2026-06-13 15:50:24.984 [main] WARN  utilities.DriverFactory - No browser specified. Defaulting to Chrome
2026-06-13 15:50:24.984 [main] INFO  utilities.DriverFactory - No driver found. Creating new driver for: chrome
2026-06-13 15:50:24.984 [main] INFO  utilities.DriverFactory - Initializing driver for: chrome
2026-06-13 15:50:24.984 [main] INFO  utilities.DriverFactory - Starting ChromeDriver
2026-06-13 15:50:26.368 [main] INFO  testcases.BaseTest - Navigating to SauceDemo
2026-06-13 15:50:28.716 [main] INFO  testcases.BaseTest - Closing browser
2026-06-13 15:50:28.716 [main] INFO  utilities.DriverFactory - Closing browser
2026-06-13 15:50:28.936 [main] INFO  testcases.BaseTest - Opening browser
2026-06-13 15:50:28.936 [main] WARN  utilities.DriverFactory - No browser specified. Defaulting to Chrome
2026-06-13 15:50:28.936 [main] INFO  utilities.DriverFactory - No driver found. Creating new driver for: chrome
2026-06-13 15:50:28.936 [main] INFO  utilities.DriverFactory - Initializing driver for: chrome
2026-06-13 15:50:28.936 [main] INFO  utilities.DriverFactory - Starting ChromeDriver
2026-06-13 15:50:30.994 [main] INFO  testcases.BaseTest - Navigating to SauceDemo
2026-06-13 15:50:32.380 [main] INFO  testcases.BaseTest - Closing browser
2026-06-13 15:50:32.381 [main] INFO  utilities.DriverFactory - Closing browser
2026-06-13 15:50:32.547 [main] INFO  testcases.BaseTest - Opening browser
2026-06-13 15:50:32.548 [main] WARN  utilities.DriverFactory - No browser specified. Defaulting to Chrome
2026-06-13 15:50:32.548 [main] INFO  utilities.DriverFactory - No driver found. Creating new driver for: chrome
2026-06-13 15:50:32.548 [main] INFO  utilities.DriverFactory - Initializing driver for: chrome
2026-06-13 15:50:32.548 [main] INFO  utilities.DriverFactory - Starting ChromeDriver
2026-06-13 15:50:33.483 [main] INFO  testcases.BaseTest - Navigating to SauceDemo
2026-06-13 15:50:34.321 [main] INFO  testcases.BaseTest - Closing browser
2026-06-13 15:50:34.321 [main] INFO  utilities.DriverFactory - Closing browser
2026-06-13 15:51:50.566 [main] INFO  testcases.BaseTest - Opening browser
2026-06-13 15:51:50.570 [main] WARN  utilities.DriverFactory - No browser specified. Defaulting to Chrome
2026-06-13 15:51:50.571 [main] INFO  utilities.DriverFactory - No driver found. Creating new driver for: chrome
2026-06-13 15:51:50.573 [main] INFO  utilities.DriverFactory - Initializing driver for: chrome
2026-06-13 15:51:50.574 [main] INFO  utilities.DriverFactory - Starting ChromeDriver
2026-06-13 15:51:53.292 [main] INFO  testcases.BaseTest - Navigating to SauceDemo
2026-06-13 15:51:55.312 [main] INFO  testcases.BaseTest - Closing browser
2026-06-13 15:51:55.313 [main] INFO  utilities.DriverFactory - Closing browser
2026-06-13 15:51:55.499 [main] INFO  testcases.BaseTest - Opening browser
2026-06-13 15:51:55.500 [main] WARN  utilities.DriverFactory - No browser specified. Defaulting to Chrome
2026-06-13 15:51:55.500 [main] INFO  utilities.DriverFactory - No driver found. Creating new driver for: chrome
2026-06-13 15:51:55.500 [main] INFO  utilities.DriverFactory - Initializing driver for: chrome
2026-06-13 15:51:55.500 [main] INFO  utilities.DriverFactory - Starting ChromeDriver
2026-06-13 15:51:56.892 [main] INFO  testcases.BaseTest - Navigating to SauceDemo
2026-06-13 15:52:00.313 [main] INFO  testcases.BaseTest - Closing browser
2026-06-13 15:52:00.313 [main] INFO  utilities.DriverFactory - Closing browser
2026-06-13 15:52:00.477 [main] INFO  testcases.BaseTest - Opening browser
2026-06-13 15:52:00.477 [main] WARN  utilities.DriverFactory - No browser specified. Defaulting to Chrome
2026-06-13 15:52:00.477 [main] INFO  utilities.DriverFactory - No driver found. Creating new driver for: chrome
2026-06-13 15:52:00.478 [main] INFO  utilities.DriverFactory - Initializing driver for: chrome
2026-06-13 15:52:00.478 [main] INFO  utilities.DriverFactory - Starting ChromeDriver
2026-06-13 15:52:01.671 [main] INFO  testcases.BaseTest - Navigating to SauceDemo
2026-06-13 15:52:04.979 [main] INFO  testcases.BaseTest - Closing browser
2026-06-13 15:52:04.979 [main] INFO  utilities.DriverFactory - Closing browser
2026-06-13 15:52:05.160 [main] INFO  testcases.BaseTest - Opening browser
2026-06-13 15:52:05.160 [main] WARN  utilities.DriverFactory - No browser specified. Defaulting to Chrome
2026-06-13 15:52:05.160 [main] INFO  utilities.DriverFactory - No driver found. Creating new driver for: chrome
2026-06-13 15:52:05.160 [main] INFO  utilities.DriverFactory - Initializing driver for: chrome
2026-06-13 15:52:05.160 [main] INFO  utilities.DriverFactory - Starting ChromeDriver
2026-06-13 15:52:06.250 [main] INFO  testcases.BaseTest - Navigating to SauceDemo
2026-06-13 15:52:08.899 [main] INFO  testcases.BaseTest - Closing browser
2026-06-13 15:52:08.899 [main] INFO  utilities.DriverFactory - Closing browser
2026-06-13 15:52:09.064 [main] INFO  testcases.BaseTest - Opening browser
2026-06-13 15:52:09.064 [main] WARN  utilities.DriverFactory - No browser specified. Defaulting to Chrome
2026-06-13 15:52:09.064 [main] INFO  utilities.DriverFactory - No driver found. Creating new driver for: chrome
2026-06-13 15:52:09.064 [main] INFO  utilities.DriverFactory - Initializing driver for: chrome
2026-06-13 15:52:09.064 [main] INFO  utilities.DriverFactory - Starting ChromeDriver
2026-06-13 15:52:10.577 [main] INFO  testcases.BaseTest - Navigating to SauceDemo
2026-06-13 15:52:14.281 [main] INFO  testcases.BaseTest - Closing browser
2026-06-13 15:52:14.281 [main] INFO  utilities.DriverFactory - Closing browser
2026-06-13 15:52:14.437 [main] INFO  testcases.BaseTest - Opening browser
2026-06-13 15:52:14.437 [main] WARN  utilities.DriverFactory - No browser specified. Defaulting to Chrome
2026-06-13 15:52:14.437 [main] INFO  utilities.DriverFactory - No driver found. Creating new driver for: chrome
2026-06-13 15:52:14.437 [main] INFO  utilities.DriverFactory - Initializing driver for: chrome
2026-06-13 15:52:14.437 [main] INFO  utilities.DriverFactory - Starting ChromeDriver
2026-06-13 15:52:15.663 [main] INFO  testcases.BaseTest - Navigating to SauceDemo
2026-06-13 15:52:29.060 [main] INFO  testcases.BaseTest - Closing browser
2026-06-13 15:52:29.061 [main] INFO  utilities.DriverFactory - Closing browser
2026-06-13 15:52:29.242 [main] INFO  testcases.BaseTest - Opening browser
2026-06-13 15:52:29.242 [main] WARN  utilities.DriverFactory - No browser specified. Defaulting to Chrome
2026-06-13 15:52:29.242 [main] INFO  utilities.DriverFactory - No driver found. Creating new driver for: chrome
2026-06-13 15:52:29.242 [main] INFO  utilities.DriverFactory - Initializing driver for: chrome
2026-06-13 15:52:29.242 [main] INFO  utilities.DriverFactory - Starting ChromeDriver
2026-06-13 15:52:31.012 [main] INFO  testcases.BaseTest - Navigating to SauceDemo
2026-06-13 15:52:32.586 [main] INFO  testcases.BaseTest - Closing browser
2026-06-13 15:52:32.586 [main] INFO  utilities.DriverFactory - Closing browser
2026-06-13 15:52:32.741 [main] INFO  testcases.BaseTest - Opening browser
2026-06-13 15:52:32.741 [main] WARN  utilities.DriverFactory - No browser specified. Defaulting to Chrome
2026-06-13 15:52:32.741 [main] INFO  utilities.DriverFactory - No driver found. Creating new driver for: chrome
2026-06-13 15:52:32.741 [main] INFO  utilities.DriverFactory - Initializing driver for: chrome
2026-06-13 15:52:32.741 [main] INFO  utilities.DriverFactory - Starting ChromeDriver
2026-06-13 15:52:33.610 [main] INFO  testcases.BaseTest - Navigating to SauceDemo
2026-06-13 15:52:46.703 [main] INFO  testcases.BaseTest - Closing browser
2026-06-13 15:52:46.704 [main] INFO  utilities.DriverFactory - Closing browser
2026-06-13 15:52:48.918 [main] INFO  testcases.BaseTest - Opening browser
2026-06-13 15:52:48.918 [main] WARN  utilities.DriverFactory - No browser specified. Defaulting to Chrome
2026-06-13 15:52:48.918 [main] INFO  utilities.DriverFactory - No driver found. Creating new driver for: chrome
2026-06-13 15:52:48.918 [main] INFO  utilities.DriverFactory - Initializing driver for: chrome
2026-06-13 15:52:48.918 [main] INFO  utilities.DriverFactory - Starting ChromeDriver
2026-06-13 15:52:49.913 [main] INFO  testcases.BaseTest - Navigating to SauceDemo
2026-06-13 15:52:51.898 [main] INFO  testcases.BaseTest - Closing browser
2026-06-13 15:52:51.899 [main] INFO  utilities.DriverFactory - Closing browser
2026-06-13 15:52:52.076 [main] INFO  testcases.BaseTest - Opening browser
2026-06-13 15:52:52.076 [main] WARN  utilities.DriverFactory - No browser specified. Defaulting to Chrome
2026-06-13 15:52:52.076 [main] INFO  utilities.DriverFactory - No driver found. Creating new driver for: chrome
2026-06-13 15:52:52.077 [main] INFO  utilities.DriverFactory - Initializing driver for: chrome
2026-06-13 15:52:52.077 [main] INFO  utilities.DriverFactory - Starting ChromeDriver
2026-06-13 15:52:53.299 [main] INFO  testcases.BaseTest - Navigating to SauceDemo
2026-06-13 15:52:55.380 [main] INFO  testcases.BaseTest - Closing browser
2026-06-13 15:52:55.380 [main] INFO  utilities.DriverFactory - Closing browser
2026-06-13 15:52:55.770 [main] INFO  testcases.BaseTest - Opening browser
2026-06-13 15:52:55.771 [main] WARN  utilities.DriverFactory - No browser specified. Defaulting to Chrome
2026-06-13 15:52:55.771 [main] INFO  utilities.DriverFactory - No driver found. Creating new driver for: chrome
2026-06-13 15:52:55.771 [main] INFO  utilities.DriverFactory - Initializing driver for: chrome
2026-06-13 15:52:55.771 [main] INFO  utilities.DriverFactory - Starting ChromeDriver
2026-06-13 15:52:56.997 [main] INFO  testcases.BaseTest - Navigating to SauceDemo
2026-06-13 15:52:59.193 [main] INFO  testcases.BaseTest - Closing browser
2026-06-13 15:52:59.193 [main] INFO  utilities.DriverFactory - Closing browser
2026-06-13 15:52:59.367 [main] INFO  testcases.BaseTest - Opening browser
2026-06-13 15:52:59.367 [main] WARN  utilities.DriverFactory - No browser specified. Defaulting to Chrome
2026-06-13 15:52:59.367 [main] INFO  utilities.DriverFactory - No driver found. Creating new driver for: chrome
2026-06-13 15:52:59.367 [main] INFO  utilities.DriverFactory - Initializing driver for: chrome
2026-06-13 15:52:59.368 [main] INFO  utilities.DriverFactory - Starting ChromeDriver
2026-06-13 15:53:01.645 [main] INFO  testcases.BaseTest - Navigating to SauceDemo
2026-06-13 15:53:03.060 [main] INFO  testcases.BaseTest - Closing browser
2026-06-13 15:53:03.061 [main] INFO  utilities.DriverFactory - Closing browser
2026-06-13 15:53:03.232 [main] INFO  testcases.BaseTest - Opening browser
2026-06-13 15:53:03.232 [main] WARN  utilities.DriverFactory - No browser specified. Defaulting to Chrome
2026-06-13 15:53:03.232 [main] INFO  utilities.DriverFactory - No driver found. Creating new driver for: chrome
2026-06-13 15:53:03.232 [main] INFO  utilities.DriverFactory - Initializing driver for: chrome
2026-06-13 15:53:03.233 [main] INFO  utilities.DriverFactory - Starting ChromeDriver
2026-06-13 15:53:05.103 [main] INFO  testcases.BaseTest - Navigating to SauceDemo
2026-06-13 15:53:07.515 [main] INFO  testcases.BaseTest - Closing browser
2026-06-13 15:53:07.516 [main] INFO  utilities.DriverFactory - Closing browser
2026-06-13 15:53:07.947 [main] INFO  testcases.BaseTest - Opening browser
2026-06-13 15:53:07.947 [main] WARN  utilities.DriverFactory - No browser specified. Defaulting to Chrome
2026-06-13 15:53:07.948 [main] INFO  utilities.DriverFactory - No driver found. Creating new driver for: chrome
2026-06-13 15:53:07.948 [main] INFO  utilities.DriverFactory - Initializing driver for: chrome
2026-06-13 15:53:07.948 [main] INFO  utilities.DriverFactory - Starting ChromeDriver
2026-06-13 15:53:09.157 [main] INFO  testcases.BaseTest - Navigating to SauceDemo
2026-06-13 15:53:12.158 [main] INFO  testcases.BaseTest - Closing browser
2026-06-13 15:53:12.159 [main] INFO  utilities.DriverFactory - Closing browser
2026-06-13 15:53:12.450 [main] INFO  testcases.BaseTest - Opening browser
2026-06-13 15:53:12.451 [main] WARN  utilities.DriverFactory - No browser specified. Defaulting to Chrome
2026-06-13 15:53:12.451 [main] INFO  utilities.DriverFactory - No driver found. Creating new driver for: chrome
2026-06-13 15:53:12.451 [main] INFO  utilities.DriverFactory - Initializing driver for: chrome
2026-06-13 15:53:12.451 [main] INFO  utilities.DriverFactory - Starting ChromeDriver
2026-06-13 15:53:13.633 [main] INFO  testcases.BaseTest - Navigating to SauceDemo
2026-06-13 15:53:21.759 [main] INFO  testcases.BaseTest - Closing browser
2026-06-13 15:53:21.760 [main] INFO  utilities.DriverFactory - Closing browser
2026-06-13 15:53:22.386 [main] INFO  testcases.BaseTest - Opening browser
2026-06-13 15:53:22.387 [main] WARN  utilities.DriverFactory - No browser specified. Defaulting to Chrome
2026-06-13 15:53:22.388 [main] INFO  utilities.DriverFactory - No driver found. Creating new driver for: chrome
2026-06-13 15:53:22.388 [main] INFO  utilities.DriverFactory - Initializing driver for: chrome
2026-06-13 15:53:22.388 [main] INFO  utilities.DriverFactory - Starting ChromeDriver
2026-06-13 15:53:24.392 [main] INFO  testcases.BaseTest - Navigating to SauceDemo
2026-06-13 15:53:27.347 [main] INFO  testcases.BaseTest - Closing browser
2026-06-13 15:53:27.347 [main] INFO  utilities.DriverFactory - Closing browser
2026-06-13 15:53:27.492 [main] INFO  testcases.BaseTest - Opening browser
2026-06-13 15:53:27.492 [main] WARN  utilities.DriverFactory - No browser specified. Defaulting to Chrome
2026-06-13 15:53:27.492 [main] INFO  utilities.DriverFactory - No driver found. Creating new driver for: chrome
2026-06-13 15:53:27.492 [main] INFO  utilities.DriverFactory - Initializing driver for: chrome
2026-06-13 15:53:27.492 [main] INFO  utilities.DriverFactory - Starting ChromeDriver
2026-06-13 15:53:28.504 [main] INFO  testcases.BaseTest - Navigating to SauceDemo
2026-06-13 15:53:30.495 [main] INFO  testcases.BaseTest - Closing browser
2026-06-13 15:53:30.495 [main] INFO  utilities.DriverFactory - Closing browser
2026-06-13 15:53:30.781 [main] INFO  testcases.BaseTest - Opening browser
2026-06-13 15:53:30.781 [main] WARN  utilities.DriverFactory - No browser specified. Defaulting to Chrome
2026-06-13 15:53:30.782 [main] INFO  utilities.DriverFactory - No driver found. Creating new driver for: chrome
2026-06-13 15:53:30.782 [main] INFO  utilities.DriverFactory - Initializing driver for: chrome
2026-06-13 15:53:30.782 [main] INFO  utilities.DriverFactory - Starting ChromeDriver
2026-06-13 15:53:33.856 [main] INFO  testcases.BaseTest - Navigating to SauceDemo
2026-06-13 15:53:35.521 [main] INFO  testcases.BaseTest - Closing browser
2026-06-13 15:53:35.521 [main] INFO  utilities.DriverFactory - Closing browser
2026-06-13 15:53:35.672 [main] INFO  testcases.BaseTest - Opening browser
2026-06-13 15:53:35.672 [main] WARN  utilities.DriverFactory - No browser specified. Defaulting to Chrome
2026-06-13 15:53:35.672 [main] INFO  utilities.DriverFactory - No driver found. Creating new driver for: chrome
2026-06-13 15:53:35.672 [main] INFO  utilities.DriverFactory - Initializing driver for: chrome
2026-06-13 15:53:35.672 [main] INFO  utilities.DriverFactory - Starting ChromeDriver
2026-06-13 15:53:36.638 [main] INFO  testcases.BaseTest - Navigating to SauceDemo
2026-06-13 15:53:37.396 [main] INFO  testcases.BaseTest - Closing browser
2026-06-13 15:53:37.396 [main] INFO  utilities.DriverFactory - Closing browser
2026-06-13 15:57:12.669 [main] INFO  listeners.ITest - CONTEXT START: swaglabs-web-automation-project (19 tests)
2026-06-13 15:57:12.672 [main] INFO  listeners.ITest - CONTEXT TESTS: CheckoutTest.checkoutInformationShouldNavigateToStepTwo, CheckoutTest.checkoutShouldShowErrorWhenFirstNameMissing, CheckoutTest.checkoutShouldShowErrorWhenLastNameMissing, CheckoutTest.checkoutShouldShowErrorWhenPostalCodeMissing, CheckoutTest.completeCheckoutShouldNavigateToCompletePage, LandingPageTest.addToCartShouldIncreaseCartBadgeCount, LandingPageTest.cartIconShouldOpenCartPageWithSelectedItem, LandingPageTest.removeFromCartShouldDecreaseCartBadgeCount, LoginTest.emptyPassword, LoginTest.emptyUsername, LoginTest.emptyUsernameAndPassword, LoginTest.invalidPasswordLogin, LoginTest.invalidUsernameLogin, LoginTest.lockedOutUserLogin, LoginTest.loginWithPerformanceGlitchUser, LoginTest.loginWithProblemUser, LoginTest.logoutAfterLogin, LoginTest.validLogin, LoginTest.verifyLoginPageTitle
2026-06-13 15:57:12.744 [main] INFO  testcases.BaseTest - Opening browser
2026-06-13 15:57:12.746 [main] WARN  utilities.DriverFactory - No browser specified. Defaulting to Chrome
2026-06-13 15:57:12.746 [main] INFO  utilities.DriverFactory - No driver found. Creating new driver for: chrome
2026-06-13 15:57:12.746 [main] INFO  utilities.DriverFactory - Initializing driver for: chrome
2026-06-13 15:57:12.747 [main] INFO  utilities.DriverFactory - Starting ChromeDriver
2026-06-13 15:57:14.283 [main] INFO  testcases.BaseTest - Navigating to SauceDemo
2026-06-13 15:57:15.850 [main] INFO  listeners.ITest - TEST START: CheckoutTest.checkoutInformationShouldNavigateToStepTwo
2026-06-13 15:57:20.152 [main] INFO  listeners.ITest - TEST PASS: CheckoutTest.checkoutInformationShouldNavigateToStepTwo
2026-06-13 15:57:20.155 [main] INFO  testcases.BaseTest - Closing browser
2026-06-13 15:57:20.155 [main] INFO  utilities.DriverFactory - Closing browser
2026-06-13 15:57:20.776 [main] INFO  testcases.BaseTest - Opening browser
2026-06-13 15:57:20.777 [main] WARN  utilities.DriverFactory - No browser specified. Defaulting to Chrome
2026-06-13 15:57:20.778 [main] INFO  utilities.DriverFactory - No driver found. Creating new driver for: chrome
2026-06-13 15:57:20.779 [main] INFO  utilities.DriverFactory - Initializing driver for: chrome
2026-06-13 15:57:20.780 [main] INFO  utilities.DriverFactory - Starting ChromeDriver
2026-06-13 15:57:22.262 [main] INFO  testcases.BaseTest - Navigating to SauceDemo
2026-06-13 15:57:23.266 [main] INFO  listeners.ITest - TEST START: CheckoutTest.checkoutShouldShowErrorWhenFirstNameMissing
2026-06-13 15:57:33.585 [main] INFO  listeners.ITest - TEST PASS: CheckoutTest.checkoutShouldShowErrorWhenFirstNameMissing
2026-06-13 15:57:33.587 [main] INFO  testcases.BaseTest - Closing browser
2026-06-13 15:57:33.587 [main] INFO  utilities.DriverFactory - Closing browser
2026-06-13 15:57:33.802 [main] INFO  testcases.BaseTest - Opening browser
2026-06-13 15:57:33.802 [main] WARN  utilities.DriverFactory - No browser specified. Defaulting to Chrome
2026-06-13 15:57:33.802 [main] INFO  utilities.DriverFactory - No driver found. Creating new driver for: chrome
2026-06-13 15:57:33.802 [main] INFO  utilities.DriverFactory - Initializing driver for: chrome
2026-06-13 15:57:33.803 [main] INFO  utilities.DriverFactory - Starting ChromeDriver
2026-06-13 15:57:35.795 [main] INFO  testcases.BaseTest - Navigating to SauceDemo
2026-06-13 15:57:36.782 [main] INFO  listeners.ITest - TEST START: CheckoutTest.checkoutShouldShowErrorWhenLastNameMissing
2026-06-13 15:57:58.200 [main] INFO  listeners.ITest - TEST PASS: CheckoutTest.checkoutShouldShowErrorWhenLastNameMissing
2026-06-13 15:57:58.202 [main] INFO  testcases.BaseTest - Closing browser
2026-06-13 15:57:58.202 [main] INFO  utilities.DriverFactory - Closing browser
2026-06-13 15:57:58.397 [main] INFO  testcases.BaseTest - Opening browser
2026-06-13 15:57:58.397 [main] WARN  utilities.DriverFactory - No browser specified. Defaulting to Chrome
2026-06-13 15:57:58.397 [main] INFO  utilities.DriverFactory - No driver found. Creating new driver for: chrome
2026-06-13 15:57:58.397 [main] INFO  utilities.DriverFactory - Initializing driver for: chrome
2026-06-13 15:57:58.397 [main] INFO  utilities.DriverFactory - Starting ChromeDriver
2026-06-13 15:57:59.646 [main] INFO  testcases.BaseTest - Navigating to SauceDemo
2026-06-13 15:58:01.201 [main] INFO  listeners.ITest - TEST START: CheckoutTest.checkoutShouldShowErrorWhenPostalCodeMissing
2026-06-13 15:58:02.299 [main] INFO  listeners.ITest - TEST PASS: CheckoutTest.checkoutShouldShowErrorWhenPostalCodeMissing
2026-06-13 15:58:02.301 [main] INFO  testcases.BaseTest - Closing browser
2026-06-13 15:58:02.301 [main] INFO  utilities.DriverFactory - Closing browser
2026-06-13 15:58:02.466 [main] INFO  testcases.BaseTest - Opening browser
2026-06-13 15:58:02.466 [main] WARN  utilities.DriverFactory - No browser specified. Defaulting to Chrome
2026-06-13 15:58:02.466 [main] INFO  utilities.DriverFactory - No driver found. Creating new driver for: chrome
2026-06-13 15:58:02.466 [main] INFO  utilities.DriverFactory - Initializing driver for: chrome
2026-06-13 15:58:02.466 [main] INFO  utilities.DriverFactory - Starting ChromeDriver
2026-06-13 15:58:03.560 [main] INFO  testcases.BaseTest - Navigating to SauceDemo
2026-06-13 15:58:04.487 [main] INFO  listeners.ITest - TEST START: CheckoutTest.completeCheckoutShouldNavigateToCompletePage
2026-06-13 15:58:14.050 [main] INFO  listeners.ITest - TEST PASS: CheckoutTest.completeCheckoutShouldNavigateToCompletePage
2026-06-13 15:58:14.051 [main] INFO  testcases.BaseTest - Closing browser
2026-06-13 15:58:14.051 [main] INFO  utilities.DriverFactory - Closing browser
2026-06-13 15:58:14.249 [main] INFO  testcases.BaseTest - Opening browser
2026-06-13 15:58:14.249 [main] WARN  utilities.DriverFactory - No browser specified. Defaulting to Chrome
2026-06-13 15:58:14.249 [main] INFO  utilities.DriverFactory - No driver found. Creating new driver for: chrome
2026-06-13 15:58:14.249 [main] INFO  utilities.DriverFactory - Initializing driver for: chrome
2026-06-13 15:58:14.249 [main] INFO  utilities.DriverFactory - Starting ChromeDriver
2026-06-13 15:58:16.212 [main] INFO  testcases.BaseTest - Navigating to SauceDemo
2026-06-13 15:58:17.058 [main] INFO  listeners.ITest - TEST START: LandingPageTest.addToCartShouldIncreaseCartBadgeCount
2026-06-13 15:58:34.293 [main] INFO  listeners.ITest - TEST PASS: LandingPageTest.addToCartShouldIncreaseCartBadgeCount
2026-06-13 15:58:34.294 [main] INFO  testcases.BaseTest - Closing browser
2026-06-13 15:58:34.294 [main] INFO  utilities.DriverFactory - Closing browser
2026-06-13 15:58:34.529 [main] INFO  testcases.BaseTest - Opening browser
2026-06-13 15:58:34.530 [main] WARN  utilities.DriverFactory - No browser specified. Defaulting to Chrome
2026-06-13 15:58:34.530 [main] INFO  utilities.DriverFactory - No driver found. Creating new driver for: chrome
2026-06-13 15:58:34.530 [main] INFO  utilities.DriverFactory - Initializing driver for: chrome
2026-06-13 15:58:34.530 [main] INFO  utilities.DriverFactory - Starting ChromeDriver
2026-06-13 15:58:35.833 [main] INFO  testcases.BaseTest - Navigating to SauceDemo
2026-06-13 15:58:36.811 [main] INFO  listeners.ITest - TEST START: LandingPageTest.cartIconShouldOpenCartPageWithSelectedItem
2026-06-13 15:58:44.321 [main] INFO  listeners.ITest - TEST PASS: LandingPageTest.cartIconShouldOpenCartPageWithSelectedItem
2026-06-13 15:58:44.322 [main] INFO  testcases.BaseTest - Closing browser
2026-06-13 15:58:44.322 [main] INFO  utilities.DriverFactory - Closing browser
2026-06-13 15:58:44.503 [main] INFO  testcases.BaseTest - Opening browser
2026-06-13 15:58:44.503 [main] WARN  utilities.DriverFactory - No browser specified. Defaulting to Chrome
2026-06-13 15:58:44.504 [main] INFO  utilities.DriverFactory - No driver found. Creating new driver for: chrome
2026-06-13 15:58:44.504 [main] INFO  utilities.DriverFactory - Initializing driver for: chrome
2026-06-13 15:58:44.504 [main] INFO  utilities.DriverFactory - Starting ChromeDriver
2026-06-13 15:58:45.671 [main] INFO  testcases.BaseTest - Navigating to SauceDemo
2026-06-13 15:58:46.766 [main] INFO  listeners.ITest - TEST START: LandingPageTest.removeFromCartShouldDecreaseCartBadgeCount
2026-06-13 15:58:58.126 [main] INFO  listeners.ITest - TEST PASS: LandingPageTest.removeFromCartShouldDecreaseCartBadgeCount
2026-06-13 15:58:58.130 [main] INFO  testcases.BaseTest - Closing browser
2026-06-13 15:58:58.130 [main] INFO  utilities.DriverFactory - Closing browser
2026-06-13 15:58:59.139 [main] INFO  testcases.BaseTest - Opening browser
2026-06-13 15:58:59.141 [main] WARN  utilities.DriverFactory - No browser specified. Defaulting to Chrome
2026-06-13 15:58:59.142 [main] INFO  utilities.DriverFactory - No driver found. Creating new driver for: chrome
2026-06-13 15:58:59.143 [main] INFO  utilities.DriverFactory - Initializing driver for: chrome
2026-06-13 15:58:59.143 [main] INFO  utilities.DriverFactory - Starting ChromeDriver
2026-06-13 15:59:00.438 [main] INFO  testcases.BaseTest - Navigating to SauceDemo
2026-06-13 15:59:01.475 [main] INFO  listeners.ITest - TEST START: LoginTest.emptyPassword
2026-06-13 15:59:02.414 [main] INFO  listeners.ITest - TEST PASS: LoginTest.emptyPassword
2026-06-13 15:59:02.418 [main] INFO  testcases.BaseTest - Closing browser
2026-06-13 15:59:02.419 [main] INFO  utilities.DriverFactory - Closing browser
2026-06-13 15:59:02.994 [main] INFO  testcases.BaseTest - Opening browser
2026-06-13 15:59:02.995 [main] WARN  utilities.DriverFactory - No browser specified. Defaulting to Chrome
2026-06-13 15:59:02.995 [main] INFO  utilities.DriverFactory - No driver found. Creating new driver for: chrome
2026-06-13 15:59:02.995 [main] INFO  utilities.DriverFactory - Initializing driver for: chrome
2026-06-13 15:59:02.995 [main] INFO  utilities.DriverFactory - Starting ChromeDriver
2026-06-13 15:59:04.431 [main] INFO  testcases.BaseTest - Navigating to SauceDemo
2026-06-13 15:59:05.242 [main] INFO  listeners.ITest - TEST START: LoginTest.emptyUsername
2026-06-13 15:59:06.173 [main] INFO  listeners.ITest - TEST PASS: LoginTest.emptyUsername
2026-06-13 15:59:06.176 [main] INFO  testcases.BaseTest - Closing browser
2026-06-13 15:59:06.176 [main] INFO  utilities.DriverFactory - Closing browser
2026-06-13 15:59:06.655 [main] INFO  testcases.BaseTest - Opening browser
2026-06-13 15:59:06.655 [main] WARN  utilities.DriverFactory - No browser specified. Defaulting to Chrome
2026-06-13 15:59:06.655 [main] INFO  utilities.DriverFactory - No driver found. Creating new driver for: chrome
2026-06-13 15:59:06.655 [main] INFO  utilities.DriverFactory - Initializing driver for: chrome
2026-06-13 15:59:06.655 [main] INFO  utilities.DriverFactory - Starting ChromeDriver
2026-06-13 15:59:08.042 [main] INFO  testcases.BaseTest - Navigating to SauceDemo
2026-06-13 15:59:08.272 [main] INFO  listeners.ITest - TEST START: LoginTest.emptyUsernameAndPassword
2026-06-13 15:59:10.250 [main] INFO  listeners.ITest - TEST PASS: LoginTest.emptyUsernameAndPassword
2026-06-13 15:59:10.251 [main] INFO  testcases.BaseTest - Closing browser
2026-06-13 15:59:10.252 [main] INFO  utilities.DriverFactory - Closing browser
2026-06-13 15:59:10.411 [main] INFO  testcases.BaseTest - Opening browser
2026-06-13 15:59:10.411 [main] WARN  utilities.DriverFactory - No browser specified. Defaulting to Chrome
2026-06-13 15:59:10.411 [main] INFO  utilities.DriverFactory - No driver found. Creating new driver for: chrome
2026-06-13 15:59:10.412 [main] INFO  utilities.DriverFactory - Initializing driver for: chrome
2026-06-13 15:59:10.412 [main] INFO  utilities.DriverFactory - Starting ChromeDriver
2026-06-13 15:59:11.749 [main] INFO  testcases.BaseTest - Navigating to SauceDemo
2026-06-13 15:59:12.533 [main] INFO  listeners.ITest - TEST START: LoginTest.invalidPasswordLogin
2026-06-13 15:59:13.005 [main] INFO  listeners.ITest - TEST PASS: LoginTest.invalidPasswordLogin
2026-06-13 15:59:13.006 [main] INFO  testcases.BaseTest - Closing browser
2026-06-13 15:59:13.007 [main] INFO  utilities.DriverFactory - Closing browser
2026-06-13 15:59:13.187 [main] INFO  testcases.BaseTest - Opening browser
2026-06-13 15:59:13.187 [main] WARN  utilities.DriverFactory - No browser specified. Defaulting to Chrome
2026-06-13 15:59:13.187 [main] INFO  utilities.DriverFactory - No driver found. Creating new driver for: chrome
2026-06-13 15:59:13.187 [main] INFO  utilities.DriverFactory - Initializing driver for: chrome
2026-06-13 15:59:13.187 [main] INFO  utilities.DriverFactory - Starting ChromeDriver
2026-06-13 15:59:14.127 [main] INFO  testcases.BaseTest - Navigating to SauceDemo
2026-06-13 15:59:14.959 [main] INFO  listeners.ITest - TEST START: LoginTest.invalidUsernameLogin
2026-06-13 15:59:16.301 [main] INFO  listeners.ITest - TEST PASS: LoginTest.invalidUsernameLogin
2026-06-13 15:59:16.303 [main] INFO  testcases.BaseTest - Closing browser
2026-06-13 15:59:16.303 [main] INFO  utilities.DriverFactory - Closing browser
2026-06-13 15:59:16.540 [main] INFO  testcases.BaseTest - Opening browser
2026-06-13 15:59:16.541 [main] WARN  utilities.DriverFactory - No browser specified. Defaulting to Chrome
2026-06-13 15:59:16.541 [main] INFO  utilities.DriverFactory - No driver found. Creating new driver for: chrome
2026-06-13 15:59:16.541 [main] INFO  utilities.DriverFactory - Initializing driver for: chrome
2026-06-13 15:59:16.541 [main] INFO  utilities.DriverFactory - Starting ChromeDriver
2026-06-13 15:59:17.684 [main] INFO  testcases.BaseTest - Navigating to SauceDemo
2026-06-13 15:59:18.496 [main] INFO  listeners.ITest - TEST START: LoginTest.lockedOutUserLogin
2026-06-13 15:59:19.728 [main] INFO  listeners.ITest - TEST PASS: LoginTest.lockedOutUserLogin
2026-06-13 15:59:19.729 [main] INFO  testcases.BaseTest - Closing browser
2026-06-13 15:59:19.729 [main] INFO  utilities.DriverFactory - Closing browser
2026-06-13 15:59:19.881 [main] INFO  testcases.BaseTest - Opening browser
2026-06-13 15:59:19.881 [main] WARN  utilities.DriverFactory - No browser specified. Defaulting to Chrome
2026-06-13 15:59:19.881 [main] INFO  utilities.DriverFactory - No driver found. Creating new driver for: chrome
2026-06-13 15:59:19.881 [main] INFO  utilities.DriverFactory - Initializing driver for: chrome
2026-06-13 15:59:19.881 [main] INFO  utilities.DriverFactory - Starting ChromeDriver
2026-06-13 15:59:21.112 [main] INFO  testcases.BaseTest - Navigating to SauceDemo
2026-06-13 15:59:21.917 [main] INFO  listeners.ITest - TEST START: LoginTest.loginWithPerformanceGlitchUser
2026-06-13 15:59:27.487 [main] INFO  listeners.ITest - TEST PASS: LoginTest.loginWithPerformanceGlitchUser
2026-06-13 15:59:27.488 [main] INFO  testcases.BaseTest - Closing browser
2026-06-13 15:59:27.488 [main] INFO  utilities.DriverFactory - Closing browser
2026-06-13 15:59:27.654 [main] INFO  testcases.BaseTest - Opening browser
2026-06-13 15:59:27.654 [main] WARN  utilities.DriverFactory - No browser specified. Defaulting to Chrome
2026-06-13 15:59:27.654 [main] INFO  utilities.DriverFactory - No driver found. Creating new driver for: chrome
2026-06-13 15:59:27.654 [main] INFO  utilities.DriverFactory - Initializing driver for: chrome
2026-06-13 15:59:27.654 [main] INFO  utilities.DriverFactory - Starting ChromeDriver
2026-06-13 15:59:28.667 [main] INFO  testcases.BaseTest - Navigating to SauceDemo
2026-06-13 15:59:29.450 [main] INFO  listeners.ITest - TEST START: LoginTest.loginWithProblemUser
2026-06-13 15:59:30.951 [main] INFO  listeners.ITest - TEST PASS: LoginTest.loginWithProblemUser
2026-06-13 15:59:30.953 [main] INFO  testcases.BaseTest - Closing browser
2026-06-13 15:59:30.953 [main] INFO  utilities.DriverFactory - Closing browser
2026-06-13 15:59:31.182 [main] INFO  testcases.BaseTest - Opening browser
2026-06-13 15:59:31.182 [main] WARN  utilities.DriverFactory - No browser specified. Defaulting to Chrome
2026-06-13 15:59:31.182 [main] INFO  utilities.DriverFactory - No driver found. Creating new driver for: chrome
2026-06-13 15:59:31.183 [main] INFO  utilities.DriverFactory - Initializing driver for: chrome
2026-06-13 15:59:31.183 [main] INFO  utilities.DriverFactory - Starting ChromeDriver
2026-06-13 15:59:32.193 [main] INFO  testcases.BaseTest - Navigating to SauceDemo
2026-06-13 15:59:32.461 [main] INFO  listeners.ITest - TEST START: LoginTest.logoutAfterLogin
2026-06-13 15:59:43.897 [main] ERROR listeners.ITest - TEST FAIL: LoginTest.logoutAfterLogin
org.openqa.selenium.TimeoutException: Expected condition failed: waiting for element found by By.id: logout_sidebar_link to be clickable, but the element was not visible.
(tried for 10 seconds with 500 milliseconds interval)
Build info: version: '4.43.0', revision: 'dd0f534'
System info: os.name: 'Windows 10', os.arch: 'amd64', os.version: '10.0', java.version: '21.0.10'
Driver info: org.openqa.selenium.chrome.ChromeDriver
Capabilities {acceptInsecureCerts: false, browserName: chrome, browserVersion: 149.0.7827.115, chrome: {chromedriverVersion: 149.0.7827.115 (daf70f9ddee..., userDataDir: C:\Users\Farid\AppData\Loca...}, fedcm:accounts: true, goog:chromeOptions: {debuggerAddress: localhost:54504}, goog:processID: 14660, networkConnectionEnabled: false, pageLoadStrategy: normal, platformName: windows, proxy: Proxy(), se:cdp: ws://localhost:54504/devtoo..., se:cdpVersion: 149.0.7827.115, setWindowRect: true, strictFileInteractability: false, timeouts: {implicit: 0, pageLoad: 300000, script: 30000}, unhandledPromptBehavior: dismiss and notify, webauthn:extension:credBlob: true, webauthn:extension:largeBlob: true, webauthn:extension:minPinLength: true, webauthn:extension:prf: true, webauthn:virtualAuthenticators: true}
Session ID: 3946a4cd59730c576cf3763dedf11861
	at org.openqa.selenium.support.ui.WebDriverWait.timeoutException(WebDriverWait.java:85)
	at org.openqa.selenium.support.ui.FluentWait.until(FluentWait.java:234)
	at utilities.SeleniumUtils.waitClickable(SeleniumUtils.java:52)
	at pages.LandingPage.clickLogout(LandingPage.java:104)
	at testcases.LoginTest.logoutAfterLogin(LoginTest.java:97)
	at java.base/jdk.internal.reflect.DirectMethodHandleAccessor.invoke(DirectMethodHandleAccessor.java:103)
	at java.base/java.lang.reflect.Method.invoke(Method.java:580)
	at org.testng.internal.invokers.MethodInvocationHelper.invokeMethod(MethodInvocationHelper.java:141)
	at org.testng.internal.invokers.TestInvoker.invokeMethod(TestInvoker.java:697)
	at org.testng.internal.invokers.TestInvoker.invokeTestMethod(TestInvoker.java:230)
	at org.testng.internal.invokers.MethodRunner.runInSequence(MethodRunner.java:63)
	at org.testng.internal.invokers.TestInvoker$MethodInvocationAgent.invoke(TestInvoker.java:1005)
	at org.testng.internal.invokers.TestInvoker.invokeTestMethods(TestInvoker.java:203)
	at org.testng.internal.invokers.TestMethodWorker.invokeTestMethods(TestMethodWorker.java:154)
	at org.testng.internal.invokers.TestMethodWorker.run(TestMethodWorker.java:134)
	at java.base/java.util.ArrayList.forEach(ArrayList.java:1596)
	at org.testng.TestRunner.privateRun(TestRunner.java:744)
	at org.testng.TestRunner.run(TestRunner.java:616)
	at org.testng.SuiteRunner.runTest(SuiteRunner.java:421)
	at org.testng.SuiteRunner.runSequentially(SuiteRunner.java:413)
	at org.testng.SuiteRunner.privateRun(SuiteRunner.java:373)
	at org.testng.SuiteRunner.run(SuiteRunner.java:312)
	at org.testng.SuiteRunnerWorker.runSuite(SuiteRunnerWorker.java:52)
	at org.testng.SuiteRunnerWorker.run(SuiteRunnerWorker.java:95)
	at org.testng.TestNG.runSuitesSequentially(TestNG.java:1274)
	at org.testng.TestNG.runSuitesLocally(TestNG.java:1208)
	at org.testng.TestNG.runSuites(TestNG.java:1112)
	at org.testng.TestNG.run(TestNG.java:1079)
	at com.intellij.rt.testng.IDEARemoteTestNG.run(IDEARemoteTestNG.java:65)
	at com.intellij.rt.testng.RemoteTestNGStarter.main(RemoteTestNGStarter.java:105)
2026-06-13 15:59:44.761 [main] ERROR io.qameta.allure.AllureLifecycle - Could not add attachment: no test is running
2026-06-13 15:59:44.779 [main] ERROR io.qameta.allure.AllureLifecycle - Could not add attachment: no test is running
2026-06-13 15:59:44.789 [main] INFO  testcases.BaseTest - Closing browser
2026-06-13 15:59:44.789 [main] INFO  utilities.DriverFactory - Closing browser
2026-06-13 15:59:45.030 [main] INFO  testcases.BaseTest - Opening browser
2026-06-13 15:59:45.030 [main] WARN  utilities.DriverFactory - No browser specified. Defaulting to Chrome
2026-06-13 15:59:45.031 [main] INFO  utilities.DriverFactory - No driver found. Creating new driver for: chrome
2026-06-13 15:59:45.031 [main] INFO  utilities.DriverFactory - Initializing driver for: chrome
2026-06-13 15:59:45.031 [main] INFO  utilities.DriverFactory - Starting ChromeDriver
2026-06-13 15:59:46.561 [main] INFO  testcases.BaseTest - Navigating to SauceDemo
2026-06-13 15:59:46.825 [main] INFO  listeners.ITest - TEST START: LoginTest.validLogin
2026-06-13 15:59:49.520 [main] INFO  listeners.ITest - TEST PASS: LoginTest.validLogin
2026-06-13 15:59:49.521 [main] INFO  testcases.BaseTest - Closing browser
2026-06-13 15:59:49.522 [main] INFO  utilities.DriverFactory - Closing browser
2026-06-13 15:59:49.704 [main] INFO  testcases.BaseTest - Opening browser
2026-06-13 15:59:49.704 [main] WARN  utilities.DriverFactory - No browser specified. Defaulting to Chrome
2026-06-13 15:59:49.704 [main] INFO  utilities.DriverFactory - No driver found. Creating new driver for: chrome
2026-06-13 15:59:49.704 [main] INFO  utilities.DriverFactory - Initializing driver for: chrome
2026-06-13 15:59:49.704 [main] INFO  utilities.DriverFactory - Starting ChromeDriver
2026-06-13 15:59:50.823 [main] INFO  testcases.BaseTest - Navigating to SauceDemo
2026-06-13 15:59:52.051 [main] INFO  listeners.ITest - TEST START: LoginTest.verifyLoginPageTitle
2026-06-13 15:59:52.196 [main] INFO  listeners.ITest - TEST PASS: LoginTest.verifyLoginPageTitle
2026-06-13 15:59:52.209 [main] INFO  testcases.BaseTest - Closing browser
2026-06-13 15:59:52.221 [main] INFO  utilities.DriverFactory - Closing browser
2026-06-13 15:59:53.111 [main] INFO  listeners.ITest - CONTEXT FINISH: swaglabs-web-automation-project
2026-06-13 15:59:53.116 [main] INFO  listeners.AllureReportListener - Opening Allure report...
2026-06-13 15:59:53.129 [main] ERROR listeners.AllureReportListener - Could not open Allure report. Make sure Allure CLI is installed and on PATH.
java.io.IOException: Cannot run program "allure": CreateProcess error=2, The system cannot find the file specified
	at java.base/java.lang.ProcessBuilder.start(ProcessBuilder.java:1170)
	at java.base/java.lang.ProcessBuilder.start(ProcessBuilder.java:1089)
	at listeners.AllureReportListener.onFinish(AllureReportListener.java:24)
	at org.testng.SuiteRunner.invokeListeners(SuiteRunner.java:249)
	at org.testng.SuiteRunner.run(SuiteRunner.java:314)
	at org.testng.SuiteRunnerWorker.runSuite(SuiteRunnerWorker.java:52)
	at org.testng.SuiteRunnerWorker.run(SuiteRunnerWorker.java:95)
	at org.testng.TestNG.runSuitesSequentially(TestNG.java:1274)
	at org.testng.TestNG.runSuitesLocally(TestNG.java:1208)
	at org.testng.TestNG.runSuites(TestNG.java:1112)
	at org.testng.TestNG.run(TestNG.java:1079)
	at com.intellij.rt.testng.IDEARemoteTestNG.run(IDEARemoteTestNG.java:65)
	at com.intellij.rt.testng.RemoteTestNGStarter.main(RemoteTestNGStarter.java:105)
Caused by: java.io.IOException: CreateProcess error=2, The system cannot find the file specified
	at java.base/java.lang.ProcessImpl.create(Native Method)
	at java.base/java.lang.ProcessImpl.<init>(ProcessImpl.java:506)
	at java.base/java.lang.ProcessImpl.start(ProcessImpl.java:159)
	at java.base/java.lang.ProcessBuilder.start(ProcessBuilder.java:1126)
	... 12 common frames omitted
2026-06-13 16:02:37.442 [main] INFO  listeners.ITest - CONTEXT START: swaglabs-web-automation-project (18 tests)
2026-06-13 16:02:37.446 [main] INFO  listeners.ITest - CONTEXT TESTS: CheckoutTest.checkoutInformationShouldNavigateToStepTwo, CheckoutTest.checkoutShouldShowErrorWhenFirstNameMissing, CheckoutTest.checkoutShouldShowErrorWhenLastNameMissing, CheckoutTest.checkoutShouldShowErrorWhenPostalCodeMissing, CheckoutTest.completeCheckoutShouldNavigateToCompletePage, LandingPageTest.addToCartShouldIncreaseCartBadgeCount, LandingPageTest.cartIconShouldOpenCartPageWithSelectedItem, LandingPageTest.removeFromCartShouldDecreaseCartBadgeCount, LoginTest.emptyPassword, LoginTest.emptyUsername, LoginTest.emptyUsernameAndPassword, LoginTest.invalidPasswordLogin, LoginTest.invalidUsernameLogin, LoginTest.lockedOutUserLogin, LoginTest.loginWithPerformanceGlitchUser, LoginTest.loginWithProblemUser, LoginTest.validLogin, LoginTest.verifyLoginPageTitle
2026-06-13 16:02:37.515 [main] INFO  testcases.BaseTest - Opening browser
2026-06-13 16:02:37.517 [main] WARN  utilities.DriverFactory - No browser specified. Defaulting to Chrome
2026-06-13 16:02:37.517 [main] INFO  utilities.DriverFactory - No driver found. Creating new driver for: chrome
2026-06-13 16:02:37.518 [main] INFO  utilities.DriverFactory - Initializing driver for: chrome
2026-06-13 16:02:37.518 [main] INFO  utilities.DriverFactory - Starting ChromeDriver
2026-06-13 16:02:39.205 [main] INFO  testcases.BaseTest - Navigating to SauceDemo
2026-06-13 16:02:40.099 [main] INFO  listeners.ITest - TEST START: CheckoutTest.checkoutInformationShouldNavigateToStepTwo
2026-06-13 16:02:44.447 [main] INFO  listeners.ITest - TEST PASS: CheckoutTest.checkoutInformationShouldNavigateToStepTwo
2026-06-13 16:02:44.449 [main] INFO  testcases.BaseTest - Closing browser
2026-06-13 16:02:44.450 [main] INFO  utilities.DriverFactory - Closing browser
2026-06-13 16:02:44.798 [main] INFO  testcases.BaseTest - Opening browser
2026-06-13 16:02:44.799 [main] WARN  utilities.DriverFactory - No browser specified. Defaulting to Chrome
2026-06-13 16:02:44.800 [main] INFO  utilities.DriverFactory - No driver found. Creating new driver for: chrome
2026-06-13 16:02:44.801 [main] INFO  utilities.DriverFactory - Initializing driver for: chrome
2026-06-13 16:02:44.802 [main] INFO  utilities.DriverFactory - Starting ChromeDriver
2026-06-13 16:02:46.320 [main] INFO  testcases.BaseTest - Navigating to SauceDemo
2026-06-13 16:02:47.176 [main] INFO  listeners.ITest - TEST START: CheckoutTest.checkoutShouldShowErrorWhenFirstNameMissing
2026-06-13 16:02:52.462 [main] INFO  listeners.ITest - TEST PASS: CheckoutTest.checkoutShouldShowErrorWhenFirstNameMissing
2026-06-13 16:02:52.464 [main] INFO  testcases.BaseTest - Closing browser
2026-06-13 16:02:52.464 [main] INFO  utilities.DriverFactory - Closing browser
2026-06-13 16:02:52.649 [main] INFO  testcases.BaseTest - Opening browser
2026-06-13 16:02:52.649 [main] WARN  utilities.DriverFactory - No browser specified. Defaulting to Chrome
2026-06-13 16:02:52.649 [main] INFO  utilities.DriverFactory - No driver found. Creating new driver for: chrome
2026-06-13 16:02:52.649 [main] INFO  utilities.DriverFactory - Initializing driver for: chrome
2026-06-13 16:02:52.649 [main] INFO  utilities.DriverFactory - Starting ChromeDriver
2026-06-13 16:02:54.606 [main] INFO  testcases.BaseTest - Navigating to SauceDemo
2026-06-13 16:02:55.505 [main] INFO  listeners.ITest - TEST START: CheckoutTest.checkoutShouldShowErrorWhenLastNameMissing
2026-06-13 16:02:57.043 [main] INFO  listeners.ITest - TEST PASS: CheckoutTest.checkoutShouldShowErrorWhenLastNameMissing
2026-06-13 16:02:57.044 [main] INFO  testcases.BaseTest - Closing browser
2026-06-13 16:02:57.044 [main] INFO  utilities.DriverFactory - Closing browser
2026-06-13 16:02:57.222 [main] INFO  testcases.BaseTest - Opening browser
2026-06-13 16:02:57.222 [main] WARN  utilities.DriverFactory - No browser specified. Defaulting to Chrome
2026-06-13 16:02:57.222 [main] INFO  utilities.DriverFactory - No driver found. Creating new driver for: chrome
2026-06-13 16:02:57.222 [main] INFO  utilities.DriverFactory - Initializing driver for: chrome
2026-06-13 16:02:57.223 [main] INFO  utilities.DriverFactory - Starting ChromeDriver
2026-06-13 16:02:58.002 [main] INFO  testcases.BaseTest - Navigating to SauceDemo
2026-06-13 16:02:58.803 [main] INFO  listeners.ITest - TEST START: CheckoutTest.checkoutShouldShowErrorWhenPostalCodeMissing
2026-06-13 16:03:03.717 [main] INFO  listeners.ITest - TEST PASS: CheckoutTest.checkoutShouldShowErrorWhenPostalCodeMissing
2026-06-13 16:03:03.718 [main] INFO  testcases.BaseTest - Closing browser
2026-06-13 16:03:03.718 [main] INFO  utilities.DriverFactory - Closing browser
2026-06-13 16:03:03.904 [main] INFO  testcases.BaseTest - Opening browser
2026-06-13 16:03:03.904 [main] WARN  utilities.DriverFactory - No browser specified. Defaulting to Chrome
2026-06-13 16:03:03.904 [main] INFO  utilities.DriverFactory - No driver found. Creating new driver for: chrome
2026-06-13 16:03:03.904 [main] INFO  utilities.DriverFactory - Initializing driver for: chrome
2026-06-13 16:03:03.904 [main] INFO  utilities.DriverFactory - Starting ChromeDriver
2026-06-13 16:03:05.556 [main] INFO  testcases.BaseTest - Navigating to SauceDemo
2026-06-13 16:03:06.325 [main] INFO  listeners.ITest - TEST START: CheckoutTest.completeCheckoutShouldNavigateToCompletePage
2026-06-13 16:03:16.613 [main] INFO  listeners.ITest - TEST PASS: CheckoutTest.completeCheckoutShouldNavigateToCompletePage
2026-06-13 16:03:16.614 [main] INFO  testcases.BaseTest - Closing browser
2026-06-13 16:03:16.615 [main] INFO  utilities.DriverFactory - Closing browser
2026-06-13 16:03:18.337 [main] INFO  testcases.BaseTest - Opening browser
2026-06-13 16:03:18.337 [main] WARN  utilities.DriverFactory - No browser specified. Defaulting to Chrome
2026-06-13 16:03:18.337 [main] INFO  utilities.DriverFactory - No driver found. Creating new driver for: chrome
2026-06-13 16:03:18.337 [main] INFO  utilities.DriverFactory - Initializing driver for: chrome
2026-06-13 16:03:18.337 [main] INFO  utilities.DriverFactory - Starting ChromeDriver
2026-06-13 16:03:19.474 [main] INFO  testcases.BaseTest - Navigating to SauceDemo
2026-06-13 16:03:20.318 [main] INFO  listeners.ITest - TEST START: LandingPageTest.addToCartShouldIncreaseCartBadgeCount
2026-06-13 16:03:36.777 [main] INFO  listeners.ITest - TEST PASS: LandingPageTest.addToCartShouldIncreaseCartBadgeCount
2026-06-13 16:03:36.778 [main] INFO  testcases.BaseTest - Closing browser
2026-06-13 16:03:36.778 [main] INFO  utilities.DriverFactory - Closing browser
2026-06-13 16:03:36.993 [main] INFO  testcases.BaseTest - Opening browser
2026-06-13 16:03:36.993 [main] WARN  utilities.DriverFactory - No browser specified. Defaulting to Chrome
2026-06-13 16:03:36.993 [main] INFO  utilities.DriverFactory - No driver found. Creating new driver for: chrome
2026-06-13 16:03:36.993 [main] INFO  utilities.DriverFactory - Initializing driver for: chrome
2026-06-13 16:03:36.993 [main] INFO  utilities.DriverFactory - Starting ChromeDriver
2026-06-13 16:03:37.774 [main] INFO  testcases.BaseTest - Navigating to SauceDemo
2026-06-13 16:03:38.605 [main] INFO  listeners.ITest - TEST START: LandingPageTest.cartIconShouldOpenCartPageWithSelectedItem
2026-06-13 16:03:39.246 [main] INFO  listeners.ITest - TEST PASS: LandingPageTest.cartIconShouldOpenCartPageWithSelectedItem
2026-06-13 16:03:39.247 [main] INFO  testcases.BaseTest - Closing browser
2026-06-13 16:03:39.247 [main] INFO  utilities.DriverFactory - Closing browser
2026-06-13 16:03:39.407 [main] INFO  testcases.BaseTest - Opening browser
2026-06-13 16:03:39.407 [main] WARN  utilities.DriverFactory - No browser specified. Defaulting to Chrome
2026-06-13 16:03:39.407 [main] INFO  utilities.DriverFactory - No driver found. Creating new driver for: chrome
2026-06-13 16:03:39.407 [main] INFO  utilities.DriverFactory - Initializing driver for: chrome
2026-06-13 16:03:39.408 [main] INFO  utilities.DriverFactory - Starting ChromeDriver
2026-06-13 16:03:40.648 [main] INFO  testcases.BaseTest - Navigating to SauceDemo
2026-06-13 16:03:41.495 [main] INFO  listeners.ITest - TEST START: LandingPageTest.removeFromCartShouldDecreaseCartBadgeCount
2026-06-13 16:03:53.808 [main] ERROR listeners.ITest - TEST FAIL: LandingPageTest.removeFromCartShouldDecreaseCartBadgeCount
org.openqa.selenium.TimeoutException: Expected condition failed: waiting for visibility of element found by By.id: add-to-cart-sauce-labs-backpack, but... org.openqa.selenium.NoSuchElementException: no such element: Unable to locate element: {"method":"css selector","selector":"#add\-to\-cart\-sauce\-labs\-backpack"}.
(tried for 10 seconds with 500 milliseconds interval)
Build info: version: '4.43.0', revision: 'dd0f534'
System info: os.name: 'Windows 10', os.arch: 'amd64', os.version: '10.0', java.version: '21.0.10'
Driver info: org.openqa.selenium.chrome.ChromeDriver
Capabilities {acceptInsecureCerts: false, browserName: chrome, browserVersion: 149.0.7827.115, chrome: {chromedriverVersion: 149.0.7827.115 (daf70f9ddee..., userDataDir: C:\Users\Farid\AppData\Loca...}, fedcm:accounts: true, goog:chromeOptions: {debuggerAddress: localhost:55037}, goog:processID: 17164, networkConnectionEnabled: false, pageLoadStrategy: normal, platformName: windows, proxy: Proxy(), se:cdp: ws://localhost:55037/devtoo..., se:cdpVersion: 149.0.7827.115, setWindowRect: true, strictFileInteractability: false, timeouts: {implicit: 0, pageLoad: 300000, script: 30000}, unhandledPromptBehavior: dismiss and notify, webauthn:extension:credBlob: true, webauthn:extension:largeBlob: true, webauthn:extension:minPinLength: true, webauthn:extension:prf: true, webauthn:virtualAuthenticators: true}
Session ID: ce00be958595ffb9e3c65642ff030beb
	at org.openqa.selenium.support.ui.WebDriverWait.timeoutException(WebDriverWait.java:85)
	at org.openqa.selenium.support.ui.FluentWait.until(FluentWait.java:234)
	at utilities.SeleniumUtils.waitVisible(SeleniumUtils.java:44)
	at pages.LandingPage.removeFromCart(LandingPage.java:90)
	at testcases.LandingPageTest.removeFromCartShouldDecreaseCartBadgeCount(LandingPageTest.java:32)
	at java.base/jdk.internal.reflect.DirectMethodHandleAccessor.invoke(DirectMethodHandleAccessor.java:103)
	at java.base/java.lang.reflect.Method.invoke(Method.java:580)
	at org.testng.internal.invokers.MethodInvocationHelper.invokeMethod(MethodInvocationHelper.java:141)
	at org.testng.internal.invokers.TestInvoker.invokeMethod(TestInvoker.java:697)
	at org.testng.internal.invokers.TestInvoker.invokeTestMethod(TestInvoker.java:230)
	at org.testng.internal.invokers.MethodRunner.runInSequence(MethodRunner.java:63)
	at org.testng.internal.invokers.TestInvoker$MethodInvocationAgent.invoke(TestInvoker.java:1005)
	at org.testng.internal.invokers.TestInvoker.invokeTestMethods(TestInvoker.java:203)
	at org.testng.internal.invokers.TestMethodWorker.invokeTestMethods(TestMethodWorker.java:154)
	at org.testng.internal.invokers.TestMethodWorker.run(TestMethodWorker.java:134)
	at java.base/java.util.ArrayList.forEach(ArrayList.java:1596)
	at org.testng.TestRunner.privateRun(TestRunner.java:744)
	at org.testng.TestRunner.run(TestRunner.java:616)
	at org.testng.SuiteRunner.runTest(SuiteRunner.java:421)
	at org.testng.SuiteRunner.runSequentially(SuiteRunner.java:413)
	at org.testng.SuiteRunner.privateRun(SuiteRunner.java:373)
	at org.testng.SuiteRunner.run(SuiteRunner.java:312)
	at org.testng.SuiteRunnerWorker.runSuite(SuiteRunnerWorker.java:52)
	at org.testng.SuiteRunnerWorker.run(SuiteRunnerWorker.java:95)
	at org.testng.TestNG.runSuitesSequentially(TestNG.java:1274)
	at org.testng.TestNG.runSuitesLocally(TestNG.java:1208)
	at org.testng.TestNG.runSuites(TestNG.java:1112)
	at org.testng.TestNG.run(TestNG.java:1079)
	at com.intellij.rt.testng.IDEARemoteTestNG.run(IDEARemoteTestNG.java:65)
	at com.intellij.rt.testng.RemoteTestNGStarter.main(RemoteTestNGStarter.java:105)
2026-06-13 16:03:54.369 [main] ERROR io.qameta.allure.AllureLifecycle - Could not add attachment: no test is running
2026-06-13 16:03:54.380 [main] ERROR io.qameta.allure.AllureLifecycle - Could not add attachment: no test is running
2026-06-13 16:03:54.392 [main] INFO  testcases.BaseTest - Closing browser
2026-06-13 16:03:54.392 [main] INFO  utilities.DriverFactory - Closing browser
2026-06-13 16:03:54.641 [main] INFO  testcases.BaseTest - Opening browser
2026-06-13 16:03:54.641 [main] WARN  utilities.DriverFactory - No browser specified. Defaulting to Chrome
2026-06-13 16:03:54.641 [main] INFO  utilities.DriverFactory - No driver found. Creating new driver for: chrome
2026-06-13 16:03:54.641 [main] INFO  utilities.DriverFactory - Initializing driver for: chrome
2026-06-13 16:03:54.641 [main] INFO  utilities.DriverFactory - Starting ChromeDriver
2026-06-13 16:03:56.426 [main] INFO  testcases.BaseTest - Navigating to SauceDemo
2026-06-13 16:03:57.366 [main] INFO  listeners.ITest - TEST START: LoginTest.emptyPassword
2026-06-13 16:03:58.629 [main] INFO  listeners.ITest - TEST PASS: LoginTest.emptyPassword
2026-06-13 16:03:58.631 [main] INFO  testcases.BaseTest - Closing browser
2026-06-13 16:03:58.631 [main] INFO  utilities.DriverFactory - Closing browser
2026-06-13 16:03:58.812 [main] INFO  testcases.BaseTest - Opening browser
2026-06-13 16:03:58.812 [main] WARN  utilities.DriverFactory - No browser specified. Defaulting to Chrome
2026-06-13 16:03:58.812 [main] INFO  utilities.DriverFactory - No driver found. Creating new driver for: chrome
2026-06-13 16:03:58.812 [main] INFO  utilities.DriverFactory - Initializing driver for: chrome
2026-06-13 16:03:58.812 [main] INFO  utilities.DriverFactory - Starting ChromeDriver
2026-06-13 16:04:00.821 [main] INFO  testcases.BaseTest - Navigating to SauceDemo
2026-06-13 16:04:01.639 [main] INFO  listeners.ITest - TEST START: LoginTest.emptyUsername
2026-06-13 16:04:03.697 [main] INFO  listeners.ITest - TEST PASS: LoginTest.emptyUsername
2026-06-13 16:04:03.700 [main] INFO  testcases.BaseTest - Closing browser
2026-06-13 16:04:03.701 [main] INFO  utilities.DriverFactory - Closing browser
2026-06-13 16:04:03.979 [main] INFO  testcases.BaseTest - Opening browser
2026-06-13 16:04:03.979 [main] WARN  utilities.DriverFactory - No browser specified. Defaulting to Chrome
2026-06-13 16:04:03.979 [main] INFO  utilities.DriverFactory - No driver found. Creating new driver for: chrome
2026-06-13 16:04:03.979 [main] INFO  utilities.DriverFactory - Initializing driver for: chrome
2026-06-13 16:04:03.979 [main] INFO  utilities.DriverFactory - Starting ChromeDriver
2026-06-13 16:04:04.960 [main] INFO  testcases.BaseTest - Navigating to SauceDemo
2026-06-13 16:04:05.738 [main] INFO  listeners.ITest - TEST START: LoginTest.emptyUsernameAndPassword
2026-06-13 16:04:06.086 [main] INFO  listeners.ITest - TEST PASS: LoginTest.emptyUsernameAndPassword
2026-06-13 16:04:06.088 [main] INFO  testcases.BaseTest - Closing browser
2026-06-13 16:04:06.088 [main] INFO  utilities.DriverFactory - Closing browser
2026-06-13 16:04:06.251 [main] INFO  testcases.BaseTest - Opening browser
2026-06-13 16:04:06.251 [main] WARN  utilities.DriverFactory - No browser specified. Defaulting to Chrome
2026-06-13 16:04:06.251 [main] INFO  utilities.DriverFactory - No driver found. Creating new driver for: chrome
2026-06-13 16:04:06.251 [main] INFO  utilities.DriverFactory - Initializing driver for: chrome
2026-06-13 16:04:06.251 [main] INFO  utilities.DriverFactory - Starting ChromeDriver
2026-06-13 16:04:07.435 [main] INFO  testcases.BaseTest - Navigating to SauceDemo
2026-06-13 16:04:08.200 [main] INFO  listeners.ITest - TEST START: LoginTest.invalidPasswordLogin
2026-06-13 16:04:08.619 [main] INFO  listeners.ITest - TEST PASS: LoginTest.invalidPasswordLogin
2026-06-13 16:04:08.620 [main] INFO  testcases.BaseTest - Closing browser
2026-06-13 16:04:08.620 [main] INFO  utilities.DriverFactory - Closing browser
2026-06-13 16:04:08.819 [main] INFO  testcases.BaseTest - Opening browser
2026-06-13 16:04:08.820 [main] WARN  utilities.DriverFactory - No browser specified. Defaulting to Chrome
2026-06-13 16:04:08.820 [main] INFO  utilities.DriverFactory - No driver found. Creating new driver for: chrome
2026-06-13 16:04:08.820 [main] INFO  utilities.DriverFactory - Initializing driver for: chrome
2026-06-13 16:04:08.820 [main] INFO  utilities.DriverFactory - Starting ChromeDriver
2026-06-13 16:04:09.645 [main] INFO  testcases.BaseTest - Navigating to SauceDemo
2026-06-13 16:04:10.882 [main] INFO  listeners.ITest - TEST START: LoginTest.invalidUsernameLogin
2026-06-13 16:04:11.314 [main] INFO  listeners.ITest - TEST PASS: LoginTest.invalidUsernameLogin
2026-06-13 16:04:11.315 [main] INFO  testcases.BaseTest - Closing browser
2026-06-13 16:04:11.315 [main] INFO  utilities.DriverFactory - Closing browser
2026-06-13 16:04:11.459 [main] INFO  testcases.BaseTest - Opening browser
2026-06-13 16:04:11.460 [main] WARN  utilities.DriverFactory - No browser specified. Defaulting to Chrome
2026-06-13 16:04:11.460 [main] INFO  utilities.DriverFactory - No driver found. Creating new driver for: chrome
2026-06-13 16:04:11.460 [main] INFO  utilities.DriverFactory - Initializing driver for: chrome
2026-06-13 16:04:11.460 [main] INFO  utilities.DriverFactory - Starting ChromeDriver
2026-06-13 16:04:12.423 [main] INFO  testcases.BaseTest - Navigating to SauceDemo
2026-06-13 16:04:13.374 [main] INFO  listeners.ITest - TEST START: LoginTest.lockedOutUserLogin
2026-06-13 16:04:13.794 [main] INFO  listeners.ITest - TEST PASS: LoginTest.lockedOutUserLogin
2026-06-13 16:04:13.795 [main] INFO  testcases.BaseTest - Closing browser
2026-06-13 16:04:13.795 [main] INFO  utilities.DriverFactory - Closing browser
2026-06-13 16:04:13.930 [main] INFO  testcases.BaseTest - Opening browser
2026-06-13 16:04:13.930 [main] WARN  utilities.DriverFactory - No browser specified. Defaulting to Chrome
2026-06-13 16:04:13.930 [main] INFO  utilities.DriverFactory - No driver found. Creating new driver for: chrome
2026-06-13 16:04:13.930 [main] INFO  utilities.DriverFactory - Initializing driver for: chrome
2026-06-13 16:04:13.930 [main] INFO  utilities.DriverFactory - Starting ChromeDriver
2026-06-13 16:04:14.908 [main] INFO  testcases.BaseTest - Navigating to SauceDemo
2026-06-13 16:04:15.800 [main] INFO  listeners.ITest - TEST START: LoginTest.loginWithPerformanceGlitchUser
2026-06-13 16:04:22.262 [main] INFO  listeners.ITest - TEST PASS: LoginTest.loginWithPerformanceGlitchUser
2026-06-13 16:04:22.266 [main] INFO  testcases.BaseTest - Closing browser
2026-06-13 16:04:22.266 [main] INFO  utilities.DriverFactory - Closing browser
2026-06-13 16:04:22.568 [main] INFO  testcases.BaseTest - Opening browser
2026-06-13 16:04:22.568 [main] WARN  utilities.DriverFactory - No browser specified. Defaulting to Chrome
2026-06-13 16:04:22.568 [main] INFO  utilities.DriverFactory - No driver found. Creating new driver for: chrome
2026-06-13 16:04:22.568 [main] INFO  utilities.DriverFactory - Initializing driver for: chrome
2026-06-13 16:04:22.569 [main] INFO  utilities.DriverFactory - Starting ChromeDriver
2026-06-13 16:04:24.212 [main] INFO  testcases.BaseTest - Navigating to SauceDemo
2026-06-13 16:04:26.222 [main] INFO  listeners.ITest - TEST START: LoginTest.loginWithProblemUser
2026-06-13 16:04:28.334 [main] INFO  listeners.ITest - TEST PASS: LoginTest.loginWithProblemUser
2026-06-13 16:04:28.338 [main] INFO  testcases.BaseTest - Closing browser
2026-06-13 16:04:28.339 [main] INFO  utilities.DriverFactory - Closing browser
2026-06-13 16:04:28.684 [main] INFO  testcases.BaseTest - Opening browser
2026-06-13 16:04:28.684 [main] WARN  utilities.DriverFactory - No browser specified. Defaulting to Chrome
2026-06-13 16:04:28.684 [main] INFO  utilities.DriverFactory - No driver found. Creating new driver for: chrome
2026-06-13 16:04:28.685 [main] INFO  utilities.DriverFactory - Initializing driver for: chrome
2026-06-13 16:04:28.685 [main] INFO  utilities.DriverFactory - Starting ChromeDriver
2026-06-13 16:04:29.485 [main] INFO  testcases.BaseTest - Navigating to SauceDemo
2026-06-13 16:04:30.321 [main] INFO  listeners.ITest - TEST START: LoginTest.validLogin
2026-06-13 16:04:30.925 [main] INFO  listeners.ITest - TEST PASS: LoginTest.validLogin
2026-06-13 16:04:30.926 [main] INFO  testcases.BaseTest - Closing browser
2026-06-13 16:04:30.926 [main] INFO  utilities.DriverFactory - Closing browser
2026-06-13 16:04:31.074 [main] INFO  testcases.BaseTest - Opening browser
2026-06-13 16:04:31.074 [main] WARN  utilities.DriverFactory - No browser specified. Defaulting to Chrome
2026-06-13 16:04:31.074 [main] INFO  utilities.DriverFactory - No driver found. Creating new driver for: chrome
2026-06-13 16:04:31.074 [main] INFO  utilities.DriverFactory - Initializing driver for: chrome
2026-06-13 16:04:31.074 [main] INFO  utilities.DriverFactory - Starting ChromeDriver
2026-06-13 16:04:31.812 [main] INFO  testcases.BaseTest - Navigating to SauceDemo
2026-06-13 16:04:32.629 [main] INFO  listeners.ITest - TEST START: LoginTest.verifyLoginPageTitle
2026-06-13 16:04:32.650 [main] INFO  listeners.ITest - TEST PASS: LoginTest.verifyLoginPageTitle
2026-06-13 16:04:32.651 [main] INFO  testcases.BaseTest - Closing browser
2026-06-13 16:04:32.651 [main] INFO  utilities.DriverFactory - Closing browser
2026-06-13 16:04:32.811 [main] INFO  listeners.ITest - CONTEXT FINISH: swaglabs-web-automation-project
2026-06-13 16:04:32.815 [main] INFO  listeners.AllureReportListener - Opening Allure report...
2026-06-13 16:04:32.825 [main] ERROR listeners.AllureReportListener - Could not open Allure report. Make sure Allure CLI is installed and on PATH.
java.io.IOException: Cannot run program "allure": CreateProcess error=2, The system cannot find the file specified
	at java.base/java.lang.ProcessBuilder.start(ProcessBuilder.java:1170)
	at java.base/java.lang.ProcessBuilder.start(ProcessBuilder.java:1089)
	at listeners.AllureReportListener.onFinish(AllureReportListener.java:24)
	at org.testng.SuiteRunner.invokeListeners(SuiteRunner.java:249)
	at org.testng.SuiteRunner.run(SuiteRunner.java:314)
	at org.testng.SuiteRunnerWorker.runSuite(SuiteRunnerWorker.java:52)
	at org.testng.SuiteRunnerWorker.run(SuiteRunnerWorker.java:95)
	at org.testng.TestNG.runSuitesSequentially(TestNG.java:1274)
	at org.testng.TestNG.runSuitesLocally(TestNG.java:1208)
	at org.testng.TestNG.runSuites(TestNG.java:1112)
	at org.testng.TestNG.run(TestNG.java:1079)
	at com.intellij.rt.testng.IDEARemoteTestNG.run(IDEARemoteTestNG.java:65)
	at com.intellij.rt.testng.RemoteTestNGStarter.main(RemoteTestNGStarter.java:105)
Caused by: java.io.IOException: CreateProcess error=2, The system cannot find the file specified
	at java.base/java.lang.ProcessImpl.create(Native Method)
	at java.base/java.lang.ProcessImpl.<init>(ProcessImpl.java:506)
	at java.base/java.lang.ProcessImpl.start(ProcessImpl.java:159)
	at java.base/java.lang.ProcessBuilder.start(ProcessBuilder.java:1126)
	... 12 common frames omitted
2026-06-13 16:04:58.149 [main] INFO  listeners.ITest - CONTEXT START: swaglabs-web-automation-project (3 tests)
2026-06-13 16:04:58.154 [main] INFO  listeners.ITest - CONTEXT TESTS: LandingPageTest.addToCartShouldIncreaseCartBadgeCount, LandingPageTest.cartIconShouldOpenCartPageWithSelectedItem, LandingPageTest.removeFromCartShouldDecreaseCartBadgeCount
2026-06-13 16:04:58.222 [main] INFO  testcases.BaseTest - Opening browser
2026-06-13 16:04:58.225 [main] WARN  utilities.DriverFactory - No browser specified. Defaulting to Chrome
2026-06-13 16:04:58.225 [main] INFO  utilities.DriverFactory - No driver found. Creating new driver for: chrome
2026-06-13 16:04:58.225 [main] INFO  utilities.DriverFactory - Initializing driver for: chrome
2026-06-13 16:04:58.225 [main] INFO  utilities.DriverFactory - Starting ChromeDriver
2026-06-13 16:04:59.844 [main] INFO  testcases.BaseTest - Navigating to SauceDemo
2026-06-13 16:05:00.897 [main] INFO  listeners.ITest - TEST START: LandingPageTest.addToCartShouldIncreaseCartBadgeCount
2026-06-13 16:05:18.711 [main] INFO  listeners.ITest - TEST PASS: LandingPageTest.addToCartShouldIncreaseCartBadgeCount
2026-06-13 16:05:18.715 [main] INFO  testcases.BaseTest - Closing browser
2026-06-13 16:05:18.715 [main] INFO  utilities.DriverFactory - Closing browser
2026-06-13 16:05:19.748 [main] INFO  testcases.BaseTest - Opening browser
2026-06-13 16:05:19.752 [main] WARN  utilities.DriverFactory - No browser specified. Defaulting to Chrome
2026-06-13 16:05:19.755 [main] INFO  utilities.DriverFactory - No driver found. Creating new driver for: chrome
2026-06-13 16:05:19.756 [main] INFO  utilities.DriverFactory - Initializing driver for: chrome
2026-06-13 16:05:19.757 [main] INFO  utilities.DriverFactory - Starting ChromeDriver
2026-06-13 16:05:21.063 [main] INFO  testcases.BaseTest - Navigating to SauceDemo
2026-06-13 16:05:22.147 [main] INFO  listeners.ITest - TEST START: LandingPageTest.cartIconShouldOpenCartPageWithSelectedItem
2026-06-13 16:05:23.143 [main] INFO  listeners.ITest - TEST PASS: LandingPageTest.cartIconShouldOpenCartPageWithSelectedItem
2026-06-13 16:05:23.145 [main] INFO  testcases.BaseTest - Closing browser
2026-06-13 16:05:23.145 [main] INFO  utilities.DriverFactory - Closing browser
2026-06-13 16:05:23.299 [main] INFO  testcases.BaseTest - Opening browser
2026-06-13 16:05:23.300 [main] WARN  utilities.DriverFactory - No browser specified. Defaulting to Chrome
2026-06-13 16:05:23.300 [main] INFO  utilities.DriverFactory - No driver found. Creating new driver for: chrome
2026-06-13 16:05:23.300 [main] INFO  utilities.DriverFactory - Initializing driver for: chrome
2026-06-13 16:05:23.300 [main] INFO  utilities.DriverFactory - Starting ChromeDriver
2026-06-13 16:05:24.317 [main] INFO  testcases.BaseTest - Navigating to SauceDemo
2026-06-13 16:05:26.261 [main] INFO  listeners.ITest - TEST START: LandingPageTest.removeFromCartShouldDecreaseCartBadgeCount
2026-06-13 16:05:37.241 [main] INFO  listeners.ITest - TEST PASS: LandingPageTest.removeFromCartShouldDecreaseCartBadgeCount
2026-06-13 16:05:37.279 [main] INFO  testcases.BaseTest - Closing browser
2026-06-13 16:05:37.280 [main] INFO  utilities.DriverFactory - Closing browser
2026-06-13 16:05:39.621 [main] INFO  listeners.ITest - CONTEXT FINISH: swaglabs-web-automation-project
2026-06-13 16:05:39.624 [main] INFO  listeners.AllureReportListener - Opening Allure report...
2026-06-13 16:05:39.633 [main] ERROR listeners.AllureReportListener - Could not open Allure report. Make sure Allure CLI is installed and on PATH.
java.io.IOException: Cannot run program "allure": CreateProcess error=2, The system cannot find the file specified
	at java.base/java.lang.ProcessBuilder.start(ProcessBuilder.java:1170)
	at java.base/java.lang.ProcessBuilder.start(ProcessBuilder.java:1089)
	at listeners.AllureReportListener.onFinish(AllureReportListener.java:24)
	at org.testng.SuiteRunner.invokeListeners(SuiteRunner.java:249)
	at org.testng.SuiteRunner.run(SuiteRunner.java:314)
	at org.testng.SuiteRunnerWorker.runSuite(SuiteRunnerWorker.java:52)
	at org.testng.SuiteRunnerWorker.run(SuiteRunnerWorker.java:95)
	at org.testng.TestNG.runSuitesSequentially(TestNG.java:1274)
	at org.testng.TestNG.runSuitesLocally(TestNG.java:1208)
	at org.testng.TestNG.runSuites(TestNG.java:1112)
	at org.testng.TestNG.run(TestNG.java:1079)
	at com.intellij.rt.testng.IDEARemoteTestNG.run(IDEARemoteTestNG.java:65)
	at com.intellij.rt.testng.RemoteTestNGStarter.main(RemoteTestNGStarter.java:105)
Caused by: java.io.IOException: CreateProcess error=2, The system cannot find the file specified
	at java.base/java.lang.ProcessImpl.create(Native Method)
	at java.base/java.lang.ProcessImpl.<init>(ProcessImpl.java:506)
	at java.base/java.lang.ProcessImpl.start(ProcessImpl.java:159)
	at java.base/java.lang.ProcessBuilder.start(ProcessBuilder.java:1126)
	... 12 common frames omitted
2026-06-13 16:07:19.727 [main] INFO  listeners.ITest - CONTEXT START: swaglabs-web-automation-project (18 tests)
2026-06-13 16:07:19.731 [main] INFO  listeners.ITest - CONTEXT TESTS: CheckoutTest.checkoutInformationShouldNavigateToStepTwo, CheckoutTest.checkoutShouldShowErrorWhenFirstNameMissing, CheckoutTest.checkoutShouldShowErrorWhenLastNameMissing, CheckoutTest.checkoutShouldShowErrorWhenPostalCodeMissing, CheckoutTest.completeCheckoutShouldNavigateToCompletePage, LandingPageTest.addToCartShouldIncreaseCartBadgeCount, LandingPageTest.cartIconShouldOpenCartPageWithSelectedItem, LandingPageTest.removeFromCartShouldDecreaseCartBadgeCount, LoginTest.emptyPassword, LoginTest.emptyUsername, LoginTest.emptyUsernameAndPassword, LoginTest.invalidPasswordLogin, LoginTest.invalidUsernameLogin, LoginTest.lockedOutUserLogin, LoginTest.loginWithPerformanceGlitchUser, LoginTest.loginWithProblemUser, LoginTest.validLogin, LoginTest.verifyLoginPageTitle
2026-06-13 16:07:19.806 [main] INFO  testcases.BaseTest - Opening browser
2026-06-13 16:07:19.808 [main] WARN  utilities.DriverFactory - No browser specified. Defaulting to Chrome
2026-06-13 16:07:19.808 [main] INFO  utilities.DriverFactory - No driver found. Creating new driver for: chrome
2026-06-13 16:07:19.808 [main] INFO  utilities.DriverFactory - Initializing driver for: chrome
2026-06-13 16:07:19.808 [main] INFO  utilities.DriverFactory - Starting ChromeDriver
2026-06-13 16:07:21.428 [main] INFO  testcases.BaseTest - Navigating to SauceDemo
2026-06-13 16:07:22.880 [main] INFO  listeners.ITest - TEST START: CheckoutTest.checkoutInformationShouldNavigateToStepTwo
2026-06-13 16:07:27.319 [main] INFO  listeners.ITest - TEST PASS: CheckoutTest.checkoutInformationShouldNavigateToStepTwo
2026-06-13 16:07:27.322 [main] INFO  testcases.BaseTest - Closing browser
2026-06-13 16:07:27.323 [main] INFO  utilities.DriverFactory - Closing browser
2026-06-13 16:07:27.593 [main] INFO  testcases.BaseTest - Opening browser
2026-06-13 16:07:27.593 [main] WARN  utilities.DriverFactory - No browser specified. Defaulting to Chrome
2026-06-13 16:07:27.593 [main] INFO  utilities.DriverFactory - No driver found. Creating new driver for: chrome
2026-06-13 16:07:27.593 [main] INFO  utilities.DriverFactory - Initializing driver for: chrome
2026-06-13 16:07:27.593 [main] INFO  utilities.DriverFactory - Starting ChromeDriver
2026-06-13 16:07:28.803 [main] INFO  testcases.BaseTest - Navigating to SauceDemo
2026-06-13 16:07:29.771 [main] INFO  listeners.ITest - TEST START: CheckoutTest.checkoutShouldShowErrorWhenFirstNameMissing
2026-06-13 16:07:40.086 [main] INFO  listeners.ITest - TEST PASS: CheckoutTest.checkoutShouldShowErrorWhenFirstNameMissing
2026-06-13 16:07:40.087 [main] INFO  testcases.BaseTest - Closing browser
2026-06-13 16:07:40.088 [main] INFO  utilities.DriverFactory - Closing browser
2026-06-13 16:07:40.272 [main] INFO  testcases.BaseTest - Opening browser
2026-06-13 16:07:40.272 [main] WARN  utilities.DriverFactory - No browser specified. Defaulting to Chrome
2026-06-13 16:07:40.272 [main] INFO  utilities.DriverFactory - No driver found. Creating new driver for: chrome
2026-06-13 16:07:40.272 [main] INFO  utilities.DriverFactory - Initializing driver for: chrome
2026-06-13 16:07:40.272 [main] INFO  utilities.DriverFactory - Starting ChromeDriver
2026-06-13 16:07:41.757 [main] INFO  testcases.BaseTest - Navigating to SauceDemo
2026-06-13 16:07:43.005 [main] INFO  listeners.ITest - TEST START: CheckoutTest.checkoutShouldShowErrorWhenLastNameMissing
2026-06-13 16:07:44.965 [main] INFO  listeners.ITest - TEST PASS: CheckoutTest.checkoutShouldShowErrorWhenLastNameMissing
2026-06-13 16:07:44.966 [main] INFO  testcases.BaseTest - Closing browser
2026-06-13 16:07:44.967 [main] INFO  utilities.DriverFactory - Closing browser
2026-06-13 16:07:45.128 [main] INFO  testcases.BaseTest - Opening browser
2026-06-13 16:07:45.128 [main] WARN  utilities.DriverFactory - No browser specified. Defaulting to Chrome
2026-06-13 16:07:45.128 [main] INFO  utilities.DriverFactory - No driver found. Creating new driver for: chrome
2026-06-13 16:07:45.129 [main] INFO  utilities.DriverFactory - Initializing driver for: chrome
2026-06-13 16:07:45.129 [main] INFO  utilities.DriverFactory - Starting ChromeDriver
2026-06-13 16:07:46.296 [main] INFO  testcases.BaseTest - Navigating to SauceDemo
2026-06-13 16:07:47.162 [main] INFO  listeners.ITest - TEST START: CheckoutTest.checkoutShouldShowErrorWhenPostalCodeMissing
2026-06-13 16:07:51.690 [main] INFO  listeners.ITest - TEST PASS: CheckoutTest.checkoutShouldShowErrorWhenPostalCodeMissing
2026-06-13 16:07:51.691 [main] INFO  testcases.BaseTest - Closing browser
2026-06-13 16:07:51.691 [main] INFO  utilities.DriverFactory - Closing browser
2026-06-13 16:07:51.907 [main] INFO  testcases.BaseTest - Opening browser
2026-06-13 16:07:51.907 [main] WARN  utilities.DriverFactory - No browser specified. Defaulting to Chrome
2026-06-13 16:07:51.907 [main] INFO  utilities.DriverFactory - No driver found. Creating new driver for: chrome
2026-06-13 16:07:51.907 [main] INFO  utilities.DriverFactory - Initializing driver for: chrome
2026-06-13 16:07:51.907 [main] INFO  utilities.DriverFactory - Starting ChromeDriver
2026-06-13 16:07:53.053 [main] INFO  testcases.BaseTest - Navigating to SauceDemo
2026-06-13 16:07:53.917 [main] INFO  listeners.ITest - TEST START: CheckoutTest.completeCheckoutShouldNavigateToCompletePage
2026-06-13 16:08:04.741 [main] INFO  listeners.ITest - TEST PASS: CheckoutTest.completeCheckoutShouldNavigateToCompletePage
2026-06-13 16:08:04.743 [main] INFO  testcases.BaseTest - Closing browser
2026-06-13 16:08:04.743 [main] INFO  utilities.DriverFactory - Closing browser
2026-06-13 16:08:04.942 [main] INFO  testcases.BaseTest - Opening browser
2026-06-13 16:08:04.943 [main] WARN  utilities.DriverFactory - No browser specified. Defaulting to Chrome
2026-06-13 16:08:04.943 [main] INFO  utilities.DriverFactory - No driver found. Creating new driver for: chrome
2026-06-13 16:08:04.943 [main] INFO  utilities.DriverFactory - Initializing driver for: chrome
2026-06-13 16:08:04.943 [main] INFO  utilities.DriverFactory - Starting ChromeDriver
2026-06-13 16:08:06.325 [main] INFO  testcases.BaseTest - Navigating to SauceDemo
2026-06-13 16:08:07.246 [main] INFO  listeners.ITest - TEST START: LandingPageTest.addToCartShouldIncreaseCartBadgeCount
2026-06-13 16:08:24.988 [main] INFO  listeners.ITest - TEST PASS: LandingPageTest.addToCartShouldIncreaseCartBadgeCount
2026-06-13 16:08:24.989 [main] INFO  testcases.BaseTest - Closing browser
2026-06-13 16:08:24.990 [main] INFO  utilities.DriverFactory - Closing browser
2026-06-13 16:08:25.230 [main] INFO  testcases.BaseTest - Opening browser
2026-06-13 16:08:25.231 [main] WARN  utilities.DriverFactory - No browser specified. Defaulting to Chrome
2026-06-13 16:08:25.231 [main] INFO  utilities.DriverFactory - No driver found. Creating new driver for: chrome
2026-06-13 16:08:25.231 [main] INFO  utilities.DriverFactory - Initializing driver for: chrome
2026-06-13 16:08:25.231 [main] INFO  utilities.DriverFactory - Starting ChromeDriver
2026-06-13 16:08:26.482 [main] INFO  testcases.BaseTest - Navigating to SauceDemo
2026-06-13 16:08:27.411 [main] INFO  listeners.ITest - TEST START: LandingPageTest.cartIconShouldOpenCartPageWithSelectedItem
2026-06-13 16:08:29.292 [main] INFO  listeners.ITest - TEST PASS: LandingPageTest.cartIconShouldOpenCartPageWithSelectedItem
2026-06-13 16:08:29.293 [main] INFO  testcases.BaseTest - Closing browser
2026-06-13 16:08:29.293 [main] INFO  utilities.DriverFactory - Closing browser
2026-06-13 16:08:29.447 [main] INFO  testcases.BaseTest - Opening browser
2026-06-13 16:08:29.447 [main] WARN  utilities.DriverFactory - No browser specified. Defaulting to Chrome
2026-06-13 16:08:29.448 [main] INFO  utilities.DriverFactory - No driver found. Creating new driver for: chrome
2026-06-13 16:08:29.448 [main] INFO  utilities.DriverFactory - Initializing driver for: chrome
2026-06-13 16:08:29.448 [main] INFO  utilities.DriverFactory - Starting ChromeDriver
2026-06-13 16:08:30.400 [main] INFO  testcases.BaseTest - Navigating to SauceDemo
2026-06-13 16:08:30.633 [main] INFO  listeners.ITest - TEST START: LandingPageTest.removeFromCartShouldDecreaseCartBadgeCount
2026-06-13 16:08:42.004 [main] INFO  listeners.ITest - TEST PASS: LandingPageTest.removeFromCartShouldDecreaseCartBadgeCount
2026-06-13 16:08:42.005 [main] INFO  testcases.BaseTest - Closing browser
2026-06-13 16:08:42.005 [main] INFO  utilities.DriverFactory - Closing browser
2026-06-13 16:08:42.202 [main] INFO  testcases.BaseTest - Opening browser
2026-06-13 16:08:42.203 [main] WARN  utilities.DriverFactory - No browser specified. Defaulting to Chrome
2026-06-13 16:08:42.203 [main] INFO  utilities.DriverFactory - No driver found. Creating new driver for: chrome
2026-06-13 16:08:42.203 [main] INFO  utilities.DriverFactory - Initializing driver for: chrome
2026-06-13 16:08:42.203 [main] INFO  utilities.DriverFactory - Starting ChromeDriver
2026-06-13 16:08:43.392 [main] INFO  testcases.BaseTest - Navigating to SauceDemo
2026-06-13 16:08:44.217 [main] INFO  listeners.ITest - TEST START: LoginTest.emptyPassword
2026-06-13 16:08:45.106 [main] INFO  listeners.ITest - TEST PASS: LoginTest.emptyPassword
2026-06-13 16:08:45.107 [main] INFO  testcases.BaseTest - Closing browser
2026-06-13 16:08:45.107 [main] INFO  utilities.DriverFactory - Closing browser
2026-06-13 16:08:45.255 [main] INFO  testcases.BaseTest - Opening browser
2026-06-13 16:08:45.255 [main] WARN  utilities.DriverFactory - No browser specified. Defaulting to Chrome
2026-06-13 16:08:45.255 [main] INFO  utilities.DriverFactory - No driver found. Creating new driver for: chrome
2026-06-13 16:08:45.255 [main] INFO  utilities.DriverFactory - Initializing driver for: chrome
2026-06-13 16:08:45.255 [main] INFO  utilities.DriverFactory - Starting ChromeDriver
2026-06-13 16:08:46.493 [main] INFO  testcases.BaseTest - Navigating to SauceDemo
2026-06-13 16:08:47.594 [main] INFO  listeners.ITest - TEST START: LoginTest.emptyUsername
2026-06-13 16:08:48.630 [main] INFO  listeners.ITest - TEST PASS: LoginTest.emptyUsername
2026-06-13 16:08:48.631 [main] INFO  testcases.BaseTest - Closing browser
2026-06-13 16:08:48.631 [main] INFO  utilities.DriverFactory - Closing browser
2026-06-13 16:08:48.797 [main] INFO  testcases.BaseTest - Opening browser
2026-06-13 16:08:48.797 [main] WARN  utilities.DriverFactory - No browser specified. Defaulting to Chrome
2026-06-13 16:08:48.798 [main] INFO  utilities.DriverFactory - No driver found. Creating new driver for: chrome
2026-06-13 16:08:48.798 [main] INFO  utilities.DriverFactory - Initializing driver for: chrome
2026-06-13 16:08:48.798 [main] INFO  utilities.DriverFactory - Starting ChromeDriver
2026-06-13 16:08:49.729 [main] INFO  testcases.BaseTest - Navigating to SauceDemo
2026-06-13 16:08:50.534 [main] INFO  listeners.ITest - TEST START: LoginTest.emptyUsernameAndPassword
2026-06-13 16:08:50.878 [main] INFO  listeners.ITest - TEST PASS: LoginTest.emptyUsernameAndPassword
2026-06-13 16:08:50.879 [main] INFO  testcases.BaseTest - Closing browser
2026-06-13 16:08:50.879 [main] INFO  utilities.DriverFactory - Closing browser
2026-06-13 16:08:51.038 [main] INFO  testcases.BaseTest - Opening browser
2026-06-13 16:08:51.038 [main] WARN  utilities.DriverFactory - No browser specified. Defaulting to Chrome
2026-06-13 16:08:51.038 [main] INFO  utilities.DriverFactory - No driver found. Creating new driver for: chrome
2026-06-13 16:08:51.038 [main] INFO  utilities.DriverFactory - Initializing driver for: chrome
2026-06-13 16:08:51.039 [main] INFO  utilities.DriverFactory - Starting ChromeDriver
2026-06-13 16:08:51.962 [main] INFO  testcases.BaseTest - Navigating to SauceDemo
2026-06-13 16:08:52.791 [main] INFO  listeners.ITest - TEST START: LoginTest.invalidPasswordLogin
2026-06-13 16:08:53.199 [main] INFO  listeners.ITest - TEST PASS: LoginTest.invalidPasswordLogin
2026-06-13 16:08:53.200 [main] INFO  testcases.BaseTest - Closing browser
2026-06-13 16:08:53.201 [main] INFO  utilities.DriverFactory - Closing browser
2026-06-13 16:08:53.385 [main] INFO  testcases.BaseTest - Opening browser
2026-06-13 16:08:53.385 [main] WARN  utilities.DriverFactory - No browser specified. Defaulting to Chrome
2026-06-13 16:08:53.385 [main] INFO  utilities.DriverFactory - No driver found. Creating new driver for: chrome
2026-06-13 16:08:53.385 [main] INFO  utilities.DriverFactory - Initializing driver for: chrome
2026-06-13 16:08:53.385 [main] INFO  utilities.DriverFactory - Starting ChromeDriver
2026-06-13 16:08:54.358 [main] INFO  testcases.BaseTest - Navigating to SauceDemo
2026-06-13 16:08:55.175 [main] INFO  listeners.ITest - TEST START: LoginTest.invalidUsernameLogin
2026-06-13 16:08:55.550 [main] INFO  listeners.ITest - TEST PASS: LoginTest.invalidUsernameLogin
2026-06-13 16:08:55.551 [main] INFO  testcases.BaseTest - Closing browser
2026-06-13 16:08:55.551 [main] INFO  utilities.DriverFactory - Closing browser
2026-06-13 16:08:55.698 [main] INFO  testcases.BaseTest - Opening browser
2026-06-13 16:08:55.698 [main] WARN  utilities.DriverFactory - No browser specified. Defaulting to Chrome
2026-06-13 16:08:55.698 [main] INFO  utilities.DriverFactory - No driver found. Creating new driver for: chrome
2026-06-13 16:08:55.698 [main] INFO  utilities.DriverFactory - Initializing driver for: chrome
2026-06-13 16:08:55.698 [main] INFO  utilities.DriverFactory - Starting ChromeDriver
2026-06-13 16:08:56.645 [main] INFO  testcases.BaseTest - Navigating to SauceDemo
2026-06-13 16:08:56.922 [main] INFO  listeners.ITest - TEST START: LoginTest.lockedOutUserLogin
2026-06-13 16:08:57.903 [main] INFO  listeners.ITest - TEST PASS: LoginTest.lockedOutUserLogin
2026-06-13 16:08:57.904 [main] INFO  testcases.BaseTest - Closing browser
2026-06-13 16:08:57.904 [main] INFO  utilities.DriverFactory - Closing browser
2026-06-13 16:08:58.073 [main] INFO  testcases.BaseTest - Opening browser
2026-06-13 16:08:58.074 [main] WARN  utilities.DriverFactory - No browser specified. Defaulting to Chrome
2026-06-13 16:08:58.074 [main] INFO  utilities.DriverFactory - No driver found. Creating new driver for: chrome
2026-06-13 16:08:58.074 [main] INFO  utilities.DriverFactory - Initializing driver for: chrome
2026-06-13 16:08:58.074 [main] INFO  utilities.DriverFactory - Starting ChromeDriver
2026-06-13 16:08:58.981 [main] INFO  testcases.BaseTest - Navigating to SauceDemo
2026-06-13 16:08:59.913 [main] INFO  listeners.ITest - TEST START: LoginTest.loginWithPerformanceGlitchUser
2026-06-13 16:09:05.501 [main] INFO  listeners.ITest - TEST PASS: LoginTest.loginWithPerformanceGlitchUser
2026-06-13 16:09:05.502 [main] INFO  testcases.BaseTest - Closing browser
2026-06-13 16:09:05.502 [main] INFO  utilities.DriverFactory - Closing browser
2026-06-13 16:09:05.729 [main] INFO  testcases.BaseTest - Opening browser
2026-06-13 16:09:05.729 [main] WARN  utilities.DriverFactory - No browser specified. Defaulting to Chrome
2026-06-13 16:09:05.729 [main] INFO  utilities.DriverFactory - No driver found. Creating new driver for: chrome
2026-06-13 16:09:05.729 [main] INFO  utilities.DriverFactory - Initializing driver for: chrome
2026-06-13 16:09:05.729 [main] INFO  utilities.DriverFactory - Starting ChromeDriver
2026-06-13 16:09:06.692 [main] INFO  testcases.BaseTest - Navigating to SauceDemo
2026-06-13 16:09:07.566 [main] INFO  listeners.ITest - TEST START: LoginTest.loginWithProblemUser
2026-06-13 16:09:07.939 [main] INFO  listeners.ITest - TEST PASS: LoginTest.loginWithProblemUser
2026-06-13 16:09:07.940 [main] INFO  testcases.BaseTest - Closing browser
2026-06-13 16:09:07.940 [main] INFO  utilities.DriverFactory - Closing browser
2026-06-13 16:09:08.099 [main] INFO  testcases.BaseTest - Opening browser
2026-06-13 16:09:08.099 [main] WARN  utilities.DriverFactory - No browser specified. Defaulting to Chrome
2026-06-13 16:09:08.099 [main] INFO  utilities.DriverFactory - No driver found. Creating new driver for: chrome
2026-06-13 16:09:08.099 [main] INFO  utilities.DriverFactory - Initializing driver for: chrome
2026-06-13 16:09:08.100 [main] INFO  utilities.DriverFactory - Starting ChromeDriver
2026-06-13 16:09:08.976 [main] INFO  testcases.BaseTest - Navigating to SauceDemo
2026-06-13 16:09:09.802 [main] INFO  listeners.ITest - TEST START: LoginTest.validLogin
2026-06-13 16:09:10.261 [main] INFO  listeners.ITest - TEST PASS: LoginTest.validLogin
2026-06-13 16:09:10.262 [main] INFO  testcases.BaseTest - Closing browser
2026-06-13 16:09:10.262 [main] INFO  utilities.DriverFactory - Closing browser
2026-06-13 16:09:10.419 [main] INFO  testcases.BaseTest - Opening browser
2026-06-13 16:09:10.419 [main] WARN  utilities.DriverFactory - No browser specified. Defaulting to Chrome
2026-06-13 16:09:10.419 [main] INFO  utilities.DriverFactory - No driver found. Creating new driver for: chrome
2026-06-13 16:09:10.419 [main] INFO  utilities.DriverFactory - Initializing driver for: chrome
2026-06-13 16:09:10.419 [main] INFO  utilities.DriverFactory - Starting ChromeDriver
2026-06-13 16:09:11.774 [main] INFO  testcases.BaseTest - Navigating to SauceDemo
2026-06-13 16:09:12.028 [main] INFO  listeners.ITest - TEST START: LoginTest.verifyLoginPageTitle
2026-06-13 16:09:12.790 [main] INFO  listeners.ITest - TEST PASS: LoginTest.verifyLoginPageTitle
2026-06-13 16:09:12.796 [main] INFO  testcases.BaseTest - Closing browser
2026-06-13 16:09:12.797 [main] INFO  utilities.DriverFactory - Closing browser
2026-06-13 16:09:13.785 [main] INFO  listeners.ITest - CONTEXT FINISH: swaglabs-web-automation-project
2026-06-13 16:09:13.792 [main] INFO  listeners.AllureReportListener - Opening Allure report...
2026-06-13 16:11:25.024 [main] INFO  listeners.ITest - CONTEXT START: swaglabs-web-automation-project (18 tests)
2026-06-13 16:11:25.029 [main] INFO  listeners.ITest - CONTEXT TESTS: CheckoutTest.checkoutInformationShouldNavigateToStepTwo, CheckoutTest.checkoutShouldShowErrorWhenFirstNameMissing, CheckoutTest.checkoutShouldShowErrorWhenLastNameMissing, CheckoutTest.checkoutShouldShowErrorWhenPostalCodeMissing, CheckoutTest.completeCheckoutShouldNavigateToCompletePage, LandingPageTest.addToCartShouldIncreaseCartBadgeCount, LandingPageTest.cartIconShouldOpenCartPageWithSelectedItem, LandingPageTest.removeFromCartShouldDecreaseCartBadgeCount, LoginTest.emptyPassword, LoginTest.emptyUsername, LoginTest.emptyUsernameAndPassword, LoginTest.invalidPasswordLogin, LoginTest.invalidUsernameLogin, LoginTest.lockedOutUserLogin, LoginTest.loginWithPerformanceGlitchUser, LoginTest.loginWithProblemUser, LoginTest.validLogin, LoginTest.verifyLoginPageTitle
2026-06-13 16:11:25.101 [main] INFO  testcases.BaseTest - Opening browser
2026-06-13 16:11:25.103 [main] WARN  utilities.DriverFactory - No browser specified. Defaulting to Chrome
2026-06-13 16:11:25.103 [main] INFO  utilities.DriverFactory - No driver found. Creating new driver for: chrome
2026-06-13 16:11:25.104 [main] INFO  utilities.DriverFactory - Initializing driver for: chrome
2026-06-13 16:11:25.104 [main] INFO  utilities.DriverFactory - Starting ChromeDriver
2026-06-13 16:11:26.698 [main] INFO  testcases.BaseTest - Navigating to SauceDemo
2026-06-13 16:11:27.595 [main] INFO  listeners.ITest - TEST START: CheckoutTest.checkoutInformationShouldNavigateToStepTwo
2026-06-13 16:11:33.057 [main] INFO  listeners.ITest - TEST PASS: CheckoutTest.checkoutInformationShouldNavigateToStepTwo
2026-06-13 16:11:33.060 [main] INFO  testcases.BaseTest - Closing browser
2026-06-13 16:11:33.061 [main] INFO  utilities.DriverFactory - Closing browser
2026-06-13 16:11:33.264 [main] INFO  testcases.BaseTest - Opening browser
2026-06-13 16:11:33.265 [main] WARN  utilities.DriverFactory - No browser specified. Defaulting to Chrome
2026-06-13 16:11:33.265 [main] INFO  utilities.DriverFactory - No driver found. Creating new driver for: chrome
2026-06-13 16:11:33.265 [main] INFO  utilities.DriverFactory - Initializing driver for: chrome
2026-06-13 16:11:33.265 [main] INFO  utilities.DriverFactory - Starting ChromeDriver
2026-06-13 16:11:34.480 [main] INFO  testcases.BaseTest - Navigating to SauceDemo
2026-06-13 16:11:35.676 [main] INFO  listeners.ITest - TEST START: CheckoutTest.checkoutShouldShowErrorWhenFirstNameMissing
2026-06-13 16:11:37.388 [main] INFO  listeners.ITest - TEST PASS: CheckoutTest.checkoutShouldShowErrorWhenFirstNameMissing
2026-06-13 16:11:37.390 [main] INFO  testcases.BaseTest - Closing browser
2026-06-13 16:11:37.390 [main] INFO  utilities.DriverFactory - Closing browser
2026-06-13 16:11:37.544 [main] INFO  testcases.BaseTest - Opening browser
2026-06-13 16:11:37.545 [main] WARN  utilities.DriverFactory - No browser specified. Defaulting to Chrome
2026-06-13 16:11:37.545 [main] INFO  utilities.DriverFactory - No driver found. Creating new driver for: chrome
2026-06-13 16:11:37.545 [main] INFO  utilities.DriverFactory - Initializing driver for: chrome
2026-06-13 16:11:37.545 [main] INFO  utilities.DriverFactory - Starting ChromeDriver
2026-06-13 16:11:38.689 [main] INFO  testcases.BaseTest - Navigating to SauceDemo
2026-06-13 16:11:39.527 [main] INFO  listeners.ITest - TEST START: CheckoutTest.checkoutShouldShowErrorWhenLastNameMissing
2026-06-13 16:11:44.046 [main] INFO  listeners.ITest - TEST PASS: CheckoutTest.checkoutShouldShowErrorWhenLastNameMissing
2026-06-13 16:11:44.048 [main] INFO  testcases.BaseTest - Closing browser
2026-06-13 16:11:44.048 [main] INFO  utilities.DriverFactory - Closing browser
2026-06-13 16:11:44.451 [main] INFO  testcases.BaseTest - Opening browser
2026-06-13 16:11:44.452 [main] WARN  utilities.DriverFactory - No browser specified. Defaulting to Chrome
2026-06-13 16:11:44.453 [main] INFO  utilities.DriverFactory - No driver found. Creating new driver for: chrome
2026-06-13 16:11:44.456 [main] INFO  utilities.DriverFactory - Initializing driver for: chrome
2026-06-13 16:11:44.461 [main] INFO  utilities.DriverFactory - Starting ChromeDriver
2026-06-13 16:11:47.086 [main] INFO  testcases.BaseTest - Navigating to SauceDemo
2026-06-13 16:11:48.111 [main] INFO  listeners.ITest - TEST START: CheckoutTest.checkoutShouldShowErrorWhenPostalCodeMissing
2026-06-13 16:11:49.805 [main] INFO  listeners.ITest - TEST PASS: CheckoutTest.checkoutShouldShowErrorWhenPostalCodeMissing
2026-06-13 16:11:49.807 [main] INFO  testcases.BaseTest - Closing browser
2026-06-13 16:11:49.807 [main] INFO  utilities.DriverFactory - Closing browser
2026-06-13 16:11:50.002 [main] INFO  testcases.BaseTest - Opening browser
2026-06-13 16:11:50.002 [main] WARN  utilities.DriverFactory - No browser specified. Defaulting to Chrome
2026-06-13 16:11:50.002 [main] INFO  utilities.DriverFactory - No driver found. Creating new driver for: chrome
2026-06-13 16:11:50.002 [main] INFO  utilities.DriverFactory - Initializing driver for: chrome
2026-06-13 16:11:50.002 [main] INFO  utilities.DriverFactory - Starting ChromeDriver
2026-06-13 16:11:50.953 [main] INFO  testcases.BaseTest - Navigating to SauceDemo
2026-06-13 16:11:51.183 [main] INFO  listeners.ITest - TEST START: CheckoutTest.completeCheckoutShouldNavigateToCompletePage
2026-06-13 16:12:02.873 [main] INFO  listeners.ITest - TEST PASS: CheckoutTest.completeCheckoutShouldNavigateToCompletePage
2026-06-13 16:12:02.879 [main] INFO  testcases.BaseTest - Closing browser
2026-06-13 16:12:02.880 [main] INFO  utilities.DriverFactory - Closing browser
2026-06-13 16:12:04.832 [main] INFO  testcases.BaseTest - Opening browser
2026-06-13 16:12:04.832 [main] WARN  utilities.DriverFactory - No browser specified. Defaulting to Chrome
2026-06-13 16:12:04.832 [main] INFO  utilities.DriverFactory - No driver found. Creating new driver for: chrome
2026-06-13 16:12:04.832 [main] INFO  utilities.DriverFactory - Initializing driver for: chrome
2026-06-13 16:12:04.832 [main] INFO  utilities.DriverFactory - Starting ChromeDriver
2026-06-13 16:12:06.615 [main] INFO  testcases.BaseTest - Navigating to SauceDemo
2026-06-13 16:12:07.422 [main] INFO  listeners.ITest - TEST START: LandingPageTest.addToCartShouldIncreaseCartBadgeCount
2026-06-13 16:12:25.755 [main] INFO  listeners.ITest - TEST PASS: LandingPageTest.addToCartShouldIncreaseCartBadgeCount
2026-06-13 16:12:25.760 [main] INFO  testcases.BaseTest - Closing browser
2026-06-13 16:12:25.761 [main] INFO  utilities.DriverFactory - Closing browser
2026-06-13 16:12:26.416 [main] INFO  testcases.BaseTest - Opening browser
2026-06-13 16:12:26.416 [main] WARN  utilities.DriverFactory - No browser specified. Defaulting to Chrome
2026-06-13 16:12:26.417 [main] INFO  utilities.DriverFactory - No driver found. Creating new driver for: chrome
2026-06-13 16:12:26.417 [main] INFO  utilities.DriverFactory - Initializing driver for: chrome
2026-06-13 16:12:26.417 [main] INFO  utilities.DriverFactory - Starting ChromeDriver
2026-06-13 16:12:27.431 [main] INFO  testcases.BaseTest - Navigating to SauceDemo
2026-06-13 16:12:28.556 [main] INFO  listeners.ITest - TEST START: LandingPageTest.cartIconShouldOpenCartPageWithSelectedItem
2026-06-13 16:12:30.081 [main] INFO  listeners.ITest - TEST PASS: LandingPageTest.cartIconShouldOpenCartPageWithSelectedItem
2026-06-13 16:12:30.082 [main] INFO  testcases.BaseTest - Closing browser
2026-06-13 16:12:30.082 [main] INFO  utilities.DriverFactory - Closing browser
2026-06-13 16:12:30.251 [main] INFO  testcases.BaseTest - Opening browser
2026-06-13 16:12:30.251 [main] WARN  utilities.DriverFactory - No browser specified. Defaulting to Chrome
2026-06-13 16:12:30.251 [main] INFO  utilities.DriverFactory - No driver found. Creating new driver for: chrome
2026-06-13 16:12:30.251 [main] INFO  utilities.DriverFactory - Initializing driver for: chrome
2026-06-13 16:12:30.251 [main] INFO  utilities.DriverFactory - Starting ChromeDriver
2026-06-13 16:12:31.661 [main] INFO  testcases.BaseTest - Navigating to SauceDemo
2026-06-13 16:12:31.869 [main] INFO  listeners.ITest - TEST START: LandingPageTest.removeFromCartShouldDecreaseCartBadgeCount
2026-06-13 16:12:43.952 [main] INFO  listeners.ITest - TEST PASS: LandingPageTest.removeFromCartShouldDecreaseCartBadgeCount
2026-06-13 16:12:43.955 [main] INFO  testcases.BaseTest - Closing browser
2026-06-13 16:12:43.955 [main] INFO  utilities.DriverFactory - Closing browser
2026-06-13 16:12:44.361 [main] INFO  testcases.BaseTest - Opening browser
2026-06-13 16:12:44.361 [main] WARN  utilities.DriverFactory - No browser specified. Defaulting to Chrome
2026-06-13 16:12:44.361 [main] INFO  utilities.DriverFactory - No driver found. Creating new driver for: chrome
2026-06-13 16:12:44.361 [main] INFO  utilities.DriverFactory - Initializing driver for: chrome
2026-06-13 16:12:44.361 [main] INFO  utilities.DriverFactory - Starting ChromeDriver
2026-06-13 16:12:45.330 [main] INFO  testcases.BaseTest - Navigating to SauceDemo
2026-06-13 16:12:46.138 [main] INFO  listeners.ITest - TEST START: LoginTest.emptyPassword
2026-06-13 16:12:46.751 [main] INFO  listeners.ITest - TEST PASS: LoginTest.emptyPassword
2026-06-13 16:12:46.754 [main] INFO  testcases.BaseTest - Closing browser
2026-06-13 16:12:46.754 [main] INFO  utilities.DriverFactory - Closing browser
2026-06-13 16:12:47.033 [main] INFO  testcases.BaseTest - Opening browser
2026-06-13 16:12:47.034 [main] WARN  utilities.DriverFactory - No browser specified. Defaulting to Chrome
2026-06-13 16:12:47.034 [main] INFO  utilities.DriverFactory - No driver found. Creating new driver for: chrome
2026-06-13 16:12:47.034 [main] INFO  utilities.DriverFactory - Initializing driver for: chrome
2026-06-13 16:12:47.034 [main] INFO  utilities.DriverFactory - Starting ChromeDriver
2026-06-13 16:12:48.423 [main] INFO  testcases.BaseTest - Navigating to SauceDemo
2026-06-13 16:12:48.657 [main] INFO  listeners.ITest - TEST START: LoginTest.emptyUsername
2026-06-13 16:12:50.776 [main] INFO  listeners.ITest - TEST PASS: LoginTest.emptyUsername
2026-06-13 16:12:50.777 [main] INFO  testcases.BaseTest - Closing browser
2026-06-13 16:12:50.777 [main] INFO  utilities.DriverFactory - Closing browser
2026-06-13 16:12:50.938 [main] INFO  testcases.BaseTest - Opening browser
2026-06-13 16:12:50.938 [main] WARN  utilities.DriverFactory - No browser specified. Defaulting to Chrome
2026-06-13 16:12:50.938 [main] INFO  utilities.DriverFactory - No driver found. Creating new driver for: chrome
2026-06-13 16:12:50.938 [main] INFO  utilities.DriverFactory - Initializing driver for: chrome
2026-06-13 16:12:50.938 [main] INFO  utilities.DriverFactory - Starting ChromeDriver
2026-06-13 16:12:52.299 [main] INFO  testcases.BaseTest - Navigating to SauceDemo
2026-06-13 16:12:53.224 [main] INFO  listeners.ITest - TEST START: LoginTest.emptyUsernameAndPassword
2026-06-13 16:12:54.602 [main] INFO  listeners.ITest - TEST PASS: LoginTest.emptyUsernameAndPassword
2026-06-13 16:12:54.604 [main] INFO  testcases.BaseTest - Closing browser
2026-06-13 16:12:54.604 [main] INFO  utilities.DriverFactory - Closing browser
2026-06-13 16:12:54.748 [main] INFO  testcases.BaseTest - Opening browser
2026-06-13 16:12:54.748 [main] WARN  utilities.DriverFactory - No browser specified. Defaulting to Chrome
2026-06-13 16:12:54.748 [main] INFO  utilities.DriverFactory - No driver found. Creating new driver for: chrome
2026-06-13 16:12:54.748 [main] INFO  utilities.DriverFactory - Initializing driver for: chrome
2026-06-13 16:12:54.748 [main] INFO  utilities.DriverFactory - Starting ChromeDriver
2026-06-13 16:12:57.476 [main] INFO  testcases.BaseTest - Navigating to SauceDemo
2026-06-13 16:12:58.609 [main] INFO  listeners.ITest - TEST START: LoginTest.invalidPasswordLogin
2026-06-13 16:13:00.571 [main] INFO  listeners.ITest - TEST PASS: LoginTest.invalidPasswordLogin
2026-06-13 16:13:00.574 [main] INFO  testcases.BaseTest - Closing browser
2026-06-13 16:13:00.574 [main] INFO  utilities.DriverFactory - Closing browser
2026-06-13 16:13:00.846 [main] INFO  testcases.BaseTest - Opening browser
2026-06-13 16:13:00.847 [main] WARN  utilities.DriverFactory - No browser specified. Defaulting to Chrome
2026-06-13 16:13:00.847 [main] INFO  utilities.DriverFactory - No driver found. Creating new driver for: chrome
2026-06-13 16:13:00.847 [main] INFO  utilities.DriverFactory - Initializing driver for: chrome
2026-06-13 16:13:00.847 [main] INFO  utilities.DriverFactory - Starting ChromeDriver
2026-06-13 16:13:01.777 [main] INFO  testcases.BaseTest - Navigating to SauceDemo
2026-06-13 16:13:02.559 [main] INFO  listeners.ITest - TEST START: LoginTest.invalidUsernameLogin
2026-06-13 16:13:04.024 [main] INFO  listeners.ITest - TEST PASS: LoginTest.invalidUsernameLogin
2026-06-13 16:13:04.028 [main] INFO  testcases.BaseTest - Closing browser
2026-06-13 16:13:04.028 [main] INFO  utilities.DriverFactory - Closing browser
2026-06-13 16:13:04.654 [main] INFO  testcases.BaseTest - Opening browser
2026-06-13 16:13:04.654 [main] WARN  utilities.DriverFactory - No browser specified. Defaulting to Chrome
2026-06-13 16:13:04.654 [main] INFO  utilities.DriverFactory - No driver found. Creating new driver for: chrome
2026-06-13 16:13:04.655 [main] INFO  utilities.DriverFactory - Initializing driver for: chrome
2026-06-13 16:13:04.655 [main] INFO  utilities.DriverFactory - Starting ChromeDriver
2026-06-13 16:13:07.039 [main] INFO  testcases.BaseTest - Navigating to SauceDemo
2026-06-13 16:13:07.839 [main] INFO  listeners.ITest - TEST START: LoginTest.lockedOutUserLogin
2026-06-13 16:13:09.391 [main] INFO  listeners.ITest - TEST PASS: LoginTest.lockedOutUserLogin
2026-06-13 16:13:09.393 [main] INFO  testcases.BaseTest - Closing browser
2026-06-13 16:13:09.393 [main] INFO  utilities.DriverFactory - Closing browser
2026-06-13 16:13:09.630 [main] INFO  testcases.BaseTest - Opening browser
2026-06-13 16:13:09.630 [main] WARN  utilities.DriverFactory - No browser specified. Defaulting to Chrome
2026-06-13 16:13:09.630 [main] INFO  utilities.DriverFactory - No driver found. Creating new driver for: chrome
2026-06-13 16:13:09.630 [main] INFO  utilities.DriverFactory - Initializing driver for: chrome
2026-06-13 16:13:09.631 [main] INFO  utilities.DriverFactory - Starting ChromeDriver
2026-06-13 16:13:10.384 [main] INFO  testcases.BaseTest - Navigating to SauceDemo
2026-06-13 16:13:11.183 [main] INFO  listeners.ITest - TEST START: LoginTest.loginWithPerformanceGlitchUser
2026-06-13 16:13:16.757 [main] INFO  listeners.ITest - TEST PASS: LoginTest.loginWithPerformanceGlitchUser
2026-06-13 16:13:16.761 [main] INFO  testcases.BaseTest - Closing browser
2026-06-13 16:13:16.761 [main] INFO  utilities.DriverFactory - Closing browser
2026-06-13 16:13:17.474 [main] INFO  testcases.BaseTest - Opening browser
2026-06-13 16:13:17.475 [main] WARN  utilities.DriverFactory - No browser specified. Defaulting to Chrome
2026-06-13 16:13:17.475 [main] INFO  utilities.DriverFactory - No driver found. Creating new driver for: chrome
2026-06-13 16:13:17.475 [main] INFO  utilities.DriverFactory - Initializing driver for: chrome
2026-06-13 16:13:17.475 [main] INFO  utilities.DriverFactory - Starting ChromeDriver
2026-06-13 16:13:18.638 [main] INFO  testcases.BaseTest - Navigating to SauceDemo
2026-06-13 16:13:20.725 [main] INFO  listeners.ITest - TEST START: LoginTest.loginWithProblemUser
2026-06-13 16:13:21.965 [main] INFO  listeners.ITest - TEST PASS: LoginTest.loginWithProblemUser
2026-06-13 16:13:21.966 [main] INFO  testcases.BaseTest - Closing browser
2026-06-13 16:13:21.966 [main] INFO  utilities.DriverFactory - Closing browser
2026-06-13 16:13:22.125 [main] INFO  testcases.BaseTest - Opening browser
2026-06-13 16:13:22.125 [main] WARN  utilities.DriverFactory - No browser specified. Defaulting to Chrome
2026-06-13 16:13:22.125 [main] INFO  utilities.DriverFactory - No driver found. Creating new driver for: chrome
2026-06-13 16:13:22.125 [main] INFO  utilities.DriverFactory - Initializing driver for: chrome
2026-06-13 16:13:22.125 [main] INFO  utilities.DriverFactory - Starting ChromeDriver
2026-06-13 16:13:23.018 [main] INFO  testcases.BaseTest - Navigating to SauceDemo
2026-06-13 16:13:23.833 [main] INFO  listeners.ITest - TEST START: LoginTest.validLogin
2026-06-13 16:13:26.323 [main] INFO  listeners.ITest - TEST PASS: LoginTest.validLogin
2026-06-13 16:13:26.325 [main] INFO  testcases.BaseTest - Closing browser
2026-06-13 16:13:26.325 [main] INFO  utilities.DriverFactory - Closing browser
2026-06-13 16:13:26.592 [main] INFO  testcases.BaseTest - Opening browser
2026-06-13 16:13:26.592 [main] WARN  utilities.DriverFactory - No browser specified. Defaulting to Chrome
2026-06-13 16:13:26.592 [main] INFO  utilities.DriverFactory - No driver found. Creating new driver for: chrome
2026-06-13 16:13:26.592 [main] INFO  utilities.DriverFactory - Initializing driver for: chrome
2026-06-13 16:13:26.592 [main] INFO  utilities.DriverFactory - Starting ChromeDriver
2026-06-13 16:13:27.752 [main] INFO  testcases.BaseTest - Navigating to SauceDemo
2026-06-13 16:13:28.575 [main] INFO  listeners.ITest - TEST START: LoginTest.verifyLoginPageTitle
2026-06-13 16:13:28.595 [main] INFO  listeners.ITest - TEST PASS: LoginTest.verifyLoginPageTitle
2026-06-13 16:13:28.596 [main] INFO  testcases.BaseTest - Closing browser
2026-06-13 16:13:28.597 [main] INFO  utilities.DriverFactory - Closing browser
2026-06-13 16:13:28.841 [main] INFO  listeners.ITest - CONTEXT FINISH: swaglabs-web-automation-project
2026-06-13 16:13:28.964 [main] INFO  listeners.AllureReportListener - Opening existing Allure report: C:\Users\Farid\Documents\automation proj\swaglabs-web-automation-project\allure-report\index.html
2026-06-13 16:17:57.949 [main] INFO  listeners.ITest - CONTEXT START: swaglabs-web-automation-project (18 tests)
2026-06-13 16:17:57.952 [main] INFO  listeners.ITest - CONTEXT TESTS: CheckoutTest.checkoutInformationShouldNavigateToStepTwo, CheckoutTest.checkoutShouldShowErrorWhenFirstNameMissing, CheckoutTest.checkoutShouldShowErrorWhenLastNameMissing, CheckoutTest.checkoutShouldShowErrorWhenPostalCodeMissing, CheckoutTest.completeCheckoutShouldNavigateToCompletePage, LandingPageTest.addToCartShouldIncreaseCartBadgeCount, LandingPageTest.cartIconShouldOpenCartPageWithSelectedItem, LandingPageTest.removeFromCartShouldDecreaseCartBadgeCount, LoginTest.emptyPassword, LoginTest.emptyUsername, LoginTest.emptyUsernameAndPassword, LoginTest.invalidPasswordLogin, LoginTest.invalidUsernameLogin, LoginTest.lockedOutUserLogin, LoginTest.loginWithPerformanceGlitchUser, LoginTest.loginWithProblemUser, LoginTest.validLogin, LoginTest.verifyLoginPageTitle
2026-06-13 16:17:58.016 [main] INFO  testcases.BaseTest - Opening browser
2026-06-13 16:17:58.017 [main] WARN  utilities.DriverFactory - No browser specified. Defaulting to Chrome
2026-06-13 16:17:58.017 [main] INFO  utilities.DriverFactory - No driver found. Creating new driver for: chrome
2026-06-13 16:17:58.017 [main] INFO  utilities.DriverFactory - Initializing driver for: chrome
2026-06-13 16:17:58.018 [main] INFO  utilities.DriverFactory - Starting ChromeDriver
2026-06-13 16:17:59.580 [main] INFO  testcases.BaseTest - Navigating to SauceDemo
2026-06-13 16:18:00.652 [main] INFO  listeners.ITest - TEST START: CheckoutTest.checkoutInformationShouldNavigateToStepTwo
2026-06-13 16:18:02.437 [main] INFO  listeners.ITest - TEST PASS: CheckoutTest.checkoutInformationShouldNavigateToStepTwo
2026-06-13 16:18:02.440 [main] INFO  testcases.BaseTest - Closing browser
2026-06-13 16:18:02.440 [main] INFO  utilities.DriverFactory - Closing browser
2026-06-13 16:18:02.589 [main] INFO  testcases.BaseTest - Opening browser
2026-06-13 16:18:02.589 [main] WARN  utilities.DriverFactory - No browser specified. Defaulting to Chrome
2026-06-13 16:18:02.589 [main] INFO  utilities.DriverFactory - No driver found. Creating new driver for: chrome
2026-06-13 16:18:02.589 [main] INFO  utilities.DriverFactory - Initializing driver for: chrome
2026-06-13 16:18:02.589 [main] INFO  utilities.DriverFactory - Starting ChromeDriver
2026-06-13 16:18:03.666 [main] INFO  testcases.BaseTest - Navigating to SauceDemo
2026-06-13 16:18:04.611 [main] INFO  listeners.ITest - TEST START: CheckoutTest.checkoutShouldShowErrorWhenFirstNameMissing
2026-06-13 16:18:06.282 [main] INFO  listeners.ITest - TEST PASS: CheckoutTest.checkoutShouldShowErrorWhenFirstNameMissing
2026-06-13 16:18:06.284 [main] INFO  testcases.BaseTest - Closing browser
2026-06-13 16:18:06.284 [main] INFO  utilities.DriverFactory - Closing browser
2026-06-13 16:18:06.422 [main] INFO  testcases.BaseTest - Opening browser
2026-06-13 16:18:06.423 [main] WARN  utilities.DriverFactory - No browser specified. Defaulting to Chrome
2026-06-13 16:18:06.423 [main] INFO  utilities.DriverFactory - No driver found. Creating new driver for: chrome
2026-06-13 16:18:06.423 [main] INFO  utilities.DriverFactory - Initializing driver for: chrome
2026-06-13 16:18:06.423 [main] INFO  utilities.DriverFactory - Starting ChromeDriver
2026-06-13 16:18:07.200 [main] INFO  testcases.BaseTest - Navigating to SauceDemo
2026-06-13 16:18:08.025 [main] INFO  listeners.ITest - TEST START: CheckoutTest.checkoutShouldShowErrorWhenLastNameMissing
2026-06-13 16:18:08.990 [main] INFO  listeners.ITest - TEST PASS: CheckoutTest.checkoutShouldShowErrorWhenLastNameMissing
2026-06-13 16:18:08.992 [main] INFO  testcases.BaseTest - Closing browser
2026-06-13 16:18:08.992 [main] INFO  utilities.DriverFactory - Closing browser
2026-06-13 16:18:09.131 [main] INFO  testcases.BaseTest - Opening browser
2026-06-13 16:18:09.131 [main] WARN  utilities.DriverFactory - No browser specified. Defaulting to Chrome
2026-06-13 16:18:09.131 [main] INFO  utilities.DriverFactory - No driver found. Creating new driver for: chrome
2026-06-13 16:18:09.131 [main] INFO  utilities.DriverFactory - Initializing driver for: chrome
2026-06-13 16:18:09.131 [main] INFO  utilities.DriverFactory - Starting ChromeDriver
2026-06-13 16:18:10.170 [main] INFO  testcases.BaseTest - Navigating to SauceDemo
2026-06-13 16:18:12.004 [main] INFO  listeners.ITest - TEST START: CheckoutTest.checkoutShouldShowErrorWhenPostalCodeMissing
2026-06-13 16:18:17.562 [main] INFO  listeners.ITest - TEST PASS: CheckoutTest.checkoutShouldShowErrorWhenPostalCodeMissing
2026-06-13 16:18:17.564 [main] INFO  testcases.BaseTest - Closing browser
2026-06-13 16:18:17.565 [main] INFO  utilities.DriverFactory - Closing browser
2026-06-13 16:18:17.785 [main] INFO  testcases.BaseTest - Opening browser
2026-06-13 16:18:17.786 [main] WARN  utilities.DriverFactory - No browser specified. Defaulting to Chrome
2026-06-13 16:18:17.786 [main] INFO  utilities.DriverFactory - No driver found. Creating new driver for: chrome
2026-06-13 16:18:17.786 [main] INFO  utilities.DriverFactory - Initializing driver for: chrome
2026-06-13 16:18:17.786 [main] INFO  utilities.DriverFactory - Starting ChromeDriver
2026-06-13 16:18:18.995 [main] INFO  testcases.BaseTest - Navigating to SauceDemo
2026-06-13 16:18:19.831 [main] INFO  listeners.ITest - TEST START: CheckoutTest.completeCheckoutShouldNavigateToCompletePage
2026-06-13 16:18:26.305 [main] INFO  listeners.ITest - TEST PASS: CheckoutTest.completeCheckoutShouldNavigateToCompletePage
2026-06-13 16:18:26.306 [main] INFO  testcases.BaseTest - Closing browser
2026-06-13 16:18:26.306 [main] INFO  utilities.DriverFactory - Closing browser
2026-06-13 16:18:26.532 [main] INFO  testcases.BaseTest - Opening browser
2026-06-13 16:18:26.533 [main] WARN  utilities.DriverFactory - No browser specified. Defaulting to Chrome
2026-06-13 16:18:26.533 [main] INFO  utilities.DriverFactory - No driver found. Creating new driver for: chrome
2026-06-13 16:18:26.533 [main] INFO  utilities.DriverFactory - Initializing driver for: chrome
2026-06-13 16:18:26.533 [main] INFO  utilities.DriverFactory - Starting ChromeDriver
2026-06-13 16:18:28.430 [main] INFO  testcases.BaseTest - Navigating to SauceDemo
2026-06-13 16:18:29.670 [main] INFO  listeners.ITest - TEST START: LandingPageTest.addToCartShouldIncreaseCartBadgeCount
2026-06-13 16:18:47.299 [main] INFO  listeners.ITest - TEST PASS: LandingPageTest.addToCartShouldIncreaseCartBadgeCount
2026-06-13 16:18:47.302 [main] INFO  testcases.BaseTest - Closing browser
2026-06-13 16:18:47.302 [main] INFO  utilities.DriverFactory - Closing browser
2026-06-13 16:18:47.594 [main] INFO  testcases.BaseTest - Opening browser
2026-06-13 16:18:47.595 [main] WARN  utilities.DriverFactory - No browser specified. Defaulting to Chrome
2026-06-13 16:18:47.595 [main] INFO  utilities.DriverFactory - No driver found. Creating new driver for: chrome
2026-06-13 16:18:47.595 [main] INFO  utilities.DriverFactory - Initializing driver for: chrome
2026-06-13 16:18:47.595 [main] INFO  utilities.DriverFactory - Starting ChromeDriver
2026-06-13 16:18:48.667 [main] INFO  testcases.BaseTest - Navigating to SauceDemo
2026-06-13 16:18:48.911 [main] INFO  listeners.ITest - TEST START: LandingPageTest.cartIconShouldOpenCartPageWithSelectedItem
2026-06-13 16:18:51.139 [main] INFO  listeners.ITest - TEST PASS: LandingPageTest.cartIconShouldOpenCartPageWithSelectedItem
2026-06-13 16:18:51.140 [main] INFO  testcases.BaseTest - Closing browser
2026-06-13 16:18:51.141 [main] INFO  utilities.DriverFactory - Closing browser
2026-06-13 16:18:51.308 [main] INFO  testcases.BaseTest - Opening browser
2026-06-13 16:18:51.309 [main] WARN  utilities.DriverFactory - No browser specified. Defaulting to Chrome
2026-06-13 16:18:51.309 [main] INFO  utilities.DriverFactory - No driver found. Creating new driver for: chrome
2026-06-13 16:18:51.309 [main] INFO  utilities.DriverFactory - Initializing driver for: chrome
2026-06-13 16:18:51.309 [main] INFO  utilities.DriverFactory - Starting ChromeDriver
2026-06-13 16:18:52.478 [main] INFO  testcases.BaseTest - Navigating to SauceDemo
2026-06-13 16:18:53.305 [main] INFO  listeners.ITest - TEST START: LandingPageTest.removeFromCartShouldDecreaseCartBadgeCount
2026-06-13 16:19:04.036 [main] INFO  listeners.ITest - TEST PASS: LandingPageTest.removeFromCartShouldDecreaseCartBadgeCount
2026-06-13 16:19:04.038 [main] INFO  testcases.BaseTest - Closing browser
2026-06-13 16:19:04.038 [main] INFO  utilities.DriverFactory - Closing browser
2026-06-13 16:19:04.234 [main] INFO  testcases.BaseTest - Opening browser
2026-06-13 16:19:04.234 [main] WARN  utilities.DriverFactory - No browser specified. Defaulting to Chrome
2026-06-13 16:19:04.234 [main] INFO  utilities.DriverFactory - No driver found. Creating new driver for: chrome
2026-06-13 16:19:04.234 [main] INFO  utilities.DriverFactory - Initializing driver for: chrome
2026-06-13 16:19:04.234 [main] INFO  utilities.DriverFactory - Starting ChromeDriver
2026-06-13 16:19:06.778 [main] INFO  testcases.BaseTest - Navigating to SauceDemo
2026-06-13 16:19:07.716 [main] INFO  listeners.ITest - TEST START: LoginTest.emptyPassword
2026-06-13 16:19:08.078 [main] INFO  listeners.ITest - TEST PASS: LoginTest.emptyPassword
2026-06-13 16:19:08.079 [main] INFO  testcases.BaseTest - Closing browser
2026-06-13 16:19:08.080 [main] INFO  utilities.DriverFactory - Closing browser
2026-06-13 16:19:08.231 [main] INFO  testcases.BaseTest - Opening browser
2026-06-13 16:19:08.231 [main] WARN  utilities.DriverFactory - No browser specified. Defaulting to Chrome
2026-06-13 16:19:08.231 [main] INFO  utilities.DriverFactory - No driver found. Creating new driver for: chrome
2026-06-13 16:19:08.231 [main] INFO  utilities.DriverFactory - Initializing driver for: chrome
2026-06-13 16:19:08.231 [main] INFO  utilities.DriverFactory - Starting ChromeDriver
2026-06-13 16:19:09.245 [main] INFO  testcases.BaseTest - Navigating to SauceDemo
2026-06-13 16:19:09.481 [main] INFO  listeners.ITest - TEST START: LoginTest.emptyUsername
2026-06-13 16:19:10.415 [main] INFO  listeners.ITest - TEST PASS: LoginTest.emptyUsername
2026-06-13 16:19:10.416 [main] INFO  testcases.BaseTest - Closing browser
2026-06-13 16:19:10.416 [main] INFO  utilities.DriverFactory - Closing browser
2026-06-13 16:19:10.550 [main] INFO  testcases.BaseTest - Opening browser
2026-06-13 16:19:10.550 [main] WARN  utilities.DriverFactory - No browser specified. Defaulting to Chrome
2026-06-13 16:19:10.551 [main] INFO  utilities.DriverFactory - No driver found. Creating new driver for: chrome
2026-06-13 16:19:10.551 [main] INFO  utilities.DriverFactory - Initializing driver for: chrome
2026-06-13 16:19:10.551 [main] INFO  utilities.DriverFactory - Starting ChromeDriver
2026-06-13 16:19:11.350 [main] INFO  testcases.BaseTest - Navigating to SauceDemo
2026-06-13 16:19:12.202 [main] INFO  listeners.ITest - TEST START: LoginTest.emptyUsernameAndPassword
2026-06-13 16:19:12.682 [main] INFO  listeners.ITest - TEST PASS: LoginTest.emptyUsernameAndPassword
2026-06-13 16:19:12.683 [main] INFO  testcases.BaseTest - Closing browser
2026-06-13 16:19:12.683 [main] INFO  utilities.DriverFactory - Closing browser
2026-06-13 16:19:12.893 [main] INFO  testcases.BaseTest - Opening browser
2026-06-13 16:19:12.894 [main] WARN  utilities.DriverFactory - No browser specified. Defaulting to Chrome
2026-06-13 16:19:12.894 [main] INFO  utilities.DriverFactory - No driver found. Creating new driver for: chrome
2026-06-13 16:19:12.894 [main] INFO  utilities.DriverFactory - Initializing driver for: chrome
2026-06-13 16:19:12.894 [main] INFO  utilities.DriverFactory - Starting ChromeDriver
2026-06-13 16:19:14.876 [main] INFO  testcases.BaseTest - Navigating to SauceDemo
2026-06-13 16:19:15.671 [main] INFO  listeners.ITest - TEST START: LoginTest.invalidPasswordLogin
2026-06-13 16:19:16.736 [main] INFO  listeners.ITest - TEST PASS: LoginTest.invalidPasswordLogin
2026-06-13 16:19:16.738 [main] INFO  testcases.BaseTest - Closing browser
2026-06-13 16:19:16.738 [main] INFO  utilities.DriverFactory - Closing browser
2026-06-13 16:19:16.977 [main] INFO  testcases.BaseTest - Opening browser
2026-06-13 16:19:16.977 [main] WARN  utilities.DriverFactory - No browser specified. Defaulting to Chrome
2026-06-13 16:19:16.977 [main] INFO  utilities.DriverFactory - No driver found. Creating new driver for: chrome
2026-06-13 16:19:16.977 [main] INFO  utilities.DriverFactory - Initializing driver for: chrome
2026-06-13 16:19:16.977 [main] INFO  utilities.DriverFactory - Starting ChromeDriver
2026-06-13 16:19:17.794 [main] INFO  testcases.BaseTest - Navigating to SauceDemo
2026-06-13 16:19:18.731 [main] INFO  listeners.ITest - TEST START: LoginTest.invalidUsernameLogin
2026-06-13 16:19:20.118 [main] INFO  listeners.ITest - TEST PASS: LoginTest.invalidUsernameLogin
2026-06-13 16:19:20.122 [main] INFO  testcases.BaseTest - Closing browser
2026-06-13 16:19:20.123 [main] INFO  utilities.DriverFactory - Closing browser
2026-06-13 16:19:20.756 [main] INFO  testcases.BaseTest - Opening browser
2026-06-13 16:19:20.757 [main] WARN  utilities.DriverFactory - No browser specified. Defaulting to Chrome
2026-06-13 16:19:20.757 [main] INFO  utilities.DriverFactory - No driver found. Creating new driver for: chrome
2026-06-13 16:19:20.757 [main] INFO  utilities.DriverFactory - Initializing driver for: chrome
2026-06-13 16:19:20.758 [main] INFO  utilities.DriverFactory - Starting ChromeDriver
2026-06-13 16:19:22.166 [main] INFO  testcases.BaseTest - Navigating to SauceDemo
2026-06-13 16:19:23.350 [main] INFO  listeners.ITest - TEST START: LoginTest.lockedOutUserLogin
2026-06-13 16:19:23.843 [main] INFO  listeners.ITest - TEST PASS: LoginTest.lockedOutUserLogin
2026-06-13 16:19:23.844 [main] INFO  testcases.BaseTest - Closing browser
2026-06-13 16:19:23.844 [main] INFO  utilities.DriverFactory - Closing browser
2026-06-13 16:19:24.062 [main] INFO  testcases.BaseTest - Opening browser
2026-06-13 16:19:24.062 [main] WARN  utilities.DriverFactory - No browser specified. Defaulting to Chrome
2026-06-13 16:19:24.062 [main] INFO  utilities.DriverFactory - No driver found. Creating new driver for: chrome
2026-06-13 16:19:24.062 [main] INFO  utilities.DriverFactory - Initializing driver for: chrome
2026-06-13 16:19:24.062 [main] INFO  utilities.DriverFactory - Starting ChromeDriver
2026-06-13 16:19:25.146 [main] INFO  testcases.BaseTest - Navigating to SauceDemo
2026-06-13 16:19:25.387 [main] INFO  listeners.ITest - TEST START: LoginTest.loginWithPerformanceGlitchUser
2026-06-13 16:19:31.392 [main] INFO  listeners.ITest - TEST PASS: LoginTest.loginWithPerformanceGlitchUser
2026-06-13 16:19:31.394 [main] INFO  testcases.BaseTest - Closing browser
2026-06-13 16:19:31.394 [main] INFO  utilities.DriverFactory - Closing browser
2026-06-13 16:19:31.554 [main] INFO  testcases.BaseTest - Opening browser
2026-06-13 16:19:31.555 [main] WARN  utilities.DriverFactory - No browser specified. Defaulting to Chrome
2026-06-13 16:19:31.555 [main] INFO  utilities.DriverFactory - No driver found. Creating new driver for: chrome
2026-06-13 16:19:31.555 [main] INFO  utilities.DriverFactory - Initializing driver for: chrome
2026-06-13 16:19:31.555 [main] INFO  utilities.DriverFactory - Starting ChromeDriver
2026-06-13 16:19:32.301 [main] INFO  testcases.BaseTest - Navigating to SauceDemo
2026-06-13 16:19:33.687 [main] INFO  listeners.ITest - TEST START: LoginTest.loginWithProblemUser
2026-06-13 16:19:34.221 [main] INFO  listeners.ITest - TEST PASS: LoginTest.loginWithProblemUser
2026-06-13 16:19:34.222 [main] INFO  testcases.BaseTest - Closing browser
2026-06-13 16:19:34.222 [main] INFO  utilities.DriverFactory - Closing browser
2026-06-13 16:19:34.359 [main] INFO  testcases.BaseTest - Opening browser
2026-06-13 16:19:34.359 [main] WARN  utilities.DriverFactory - No browser specified. Defaulting to Chrome
2026-06-13 16:19:34.359 [main] INFO  utilities.DriverFactory - No driver found. Creating new driver for: chrome
2026-06-13 16:19:34.359 [main] INFO  utilities.DriverFactory - Initializing driver for: chrome
2026-06-13 16:19:34.359 [main] INFO  utilities.DriverFactory - Starting ChromeDriver
2026-06-13 16:19:35.520 [main] INFO  testcases.BaseTest - Navigating to SauceDemo
2026-06-13 16:19:36.321 [main] INFO  listeners.ITest - TEST START: LoginTest.validLogin
2026-06-13 16:19:36.747 [main] INFO  listeners.ITest - TEST PASS: LoginTest.validLogin
2026-06-13 16:19:36.749 [main] INFO  testcases.BaseTest - Closing browser
2026-06-13 16:19:36.750 [main] INFO  utilities.DriverFactory - Closing browser
2026-06-13 16:19:36.909 [main] INFO  testcases.BaseTest - Opening browser
2026-06-13 16:19:36.909 [main] WARN  utilities.DriverFactory - No browser specified. Defaulting to Chrome
2026-06-13 16:19:36.909 [main] INFO  utilities.DriverFactory - No driver found. Creating new driver for: chrome
2026-06-13 16:19:36.910 [main] INFO  utilities.DriverFactory - Initializing driver for: chrome
2026-06-13 16:19:36.910 [main] INFO  utilities.DriverFactory - Starting ChromeDriver
2026-06-13 16:19:38.166 [main] INFO  testcases.BaseTest - Navigating to SauceDemo
2026-06-13 16:19:40.009 [main] INFO  listeners.ITest - TEST START: LoginTest.verifyLoginPageTitle
2026-06-13 16:19:40.037 [main] INFO  listeners.ITest - TEST PASS: LoginTest.verifyLoginPageTitle
2026-06-13 16:19:40.039 [main] INFO  testcases.BaseTest - Closing browser
2026-06-13 16:19:40.039 [main] INFO  utilities.DriverFactory - Closing browser
2026-06-13 16:19:40.333 [main] INFO  listeners.ITest - CONTEXT FINISH: swaglabs-web-automation-project
2026-06-13 16:19:40.337 [main] INFO  listeners.AllureReportListener - Opening Allure report...
2026-06-13 16:21:39.245 [main] INFO  listeners.ITest - CONTEXT START: Login Tests (10 tests)
2026-06-13 16:21:39.249 [main] INFO  listeners.ITest - CONTEXT TESTS: LoginTest.emptyPassword, LoginTest.emptyUsername, LoginTest.emptyUsernameAndPassword, LoginTest.invalidPasswordLogin, LoginTest.invalidUsernameLogin, LoginTest.lockedOutUserLogin, LoginTest.loginWithPerformanceGlitchUser, LoginTest.loginWithProblemUser, LoginTest.validLogin, LoginTest.verifyLoginPageTitle
2026-06-13 16:21:39.321 [main] INFO  testcases.BaseTest - Opening browser
2026-06-13 16:21:39.323 [main] WARN  utilities.DriverFactory - No browser specified. Defaulting to Chrome
2026-06-13 16:21:39.323 [main] INFO  utilities.DriverFactory - No driver found. Creating new driver for: chrome
2026-06-13 16:21:39.323 [main] INFO  utilities.DriverFactory - Initializing driver for: chrome
2026-06-13 16:21:39.323 [main] INFO  utilities.DriverFactory - Starting ChromeDriver
2026-06-13 16:21:44.150 [main] INFO  testcases.BaseTest - Navigating to SauceDemo
2026-06-13 16:21:45.308 [main] INFO  listeners.ITest - TEST START: LoginTest.emptyPassword
2026-06-13 16:21:45.848 [main] INFO  listeners.ITest - TEST PASS: LoginTest.emptyPassword
2026-06-13 16:21:45.860 [main] INFO  testcases.BaseTest - Closing browser
2026-06-13 16:21:45.860 [main] INFO  utilities.DriverFactory - Closing browser
2026-06-13 16:21:46.041 [main] INFO  testcases.BaseTest - Opening browser
2026-06-13 16:21:46.041 [main] WARN  utilities.DriverFactory - No browser specified. Defaulting to Chrome
2026-06-13 16:21:46.041 [main] INFO  utilities.DriverFactory - No driver found. Creating new driver for: chrome
2026-06-13 16:21:46.041 [main] INFO  utilities.DriverFactory - Initializing driver for: chrome
2026-06-13 16:21:46.041 [main] INFO  utilities.DriverFactory - Starting ChromeDriver
2026-06-13 16:21:47.233 [main] INFO  testcases.BaseTest - Navigating to SauceDemo
2026-06-13 16:21:48.509 [main] INFO  listeners.ITest - TEST START: LoginTest.emptyUsername
2026-06-13 16:21:49.969 [main] INFO  listeners.ITest - TEST PASS: LoginTest.emptyUsername
2026-06-13 16:21:49.973 [main] INFO  testcases.BaseTest - Closing browser
2026-06-13 16:21:49.974 [main] INFO  utilities.DriverFactory - Closing browser
2026-06-13 16:21:50.172 [main] INFO  testcases.BaseTest - Opening browser
2026-06-13 16:21:50.173 [main] WARN  utilities.DriverFactory - No browser specified. Defaulting to Chrome
2026-06-13 16:21:50.173 [main] INFO  utilities.DriverFactory - No driver found. Creating new driver for: chrome
2026-06-13 16:21:50.173 [main] INFO  utilities.DriverFactory - Initializing driver for: chrome
2026-06-13 16:21:50.173 [main] INFO  utilities.DriverFactory - Starting ChromeDriver
2026-06-13 16:21:51.594 [main] INFO  testcases.BaseTest - Navigating to SauceDemo
2026-06-13 16:21:52.898 [main] INFO  listeners.ITest - TEST START: LoginTest.emptyUsernameAndPassword
2026-06-13 16:21:54.531 [main] INFO  listeners.ITest - TEST PASS: LoginTest.emptyUsernameAndPassword
2026-06-13 16:21:54.536 [main] INFO  testcases.BaseTest - Closing browser
2026-06-13 16:21:54.538 [main] INFO  utilities.DriverFactory - Closing browser
2026-06-13 16:21:54.785 [main] INFO  testcases.BaseTest - Opening browser
2026-06-13 16:21:54.786 [main] WARN  utilities.DriverFactory - No browser specified. Defaulting to Chrome
2026-06-13 16:21:54.786 [main] INFO  utilities.DriverFactory - No driver found. Creating new driver for: chrome
2026-06-13 16:21:54.786 [main] INFO  utilities.DriverFactory - Initializing driver for: chrome
2026-06-13 16:21:54.786 [main] INFO  utilities.DriverFactory - Starting ChromeDriver
2026-06-13 16:21:55.932 [main] INFO  testcases.BaseTest - Navigating to SauceDemo
2026-06-13 16:21:56.894 [main] INFO  listeners.ITest - TEST START: LoginTest.invalidPasswordLogin
2026-06-13 16:21:58.094 [main] INFO  listeners.ITest - TEST PASS: LoginTest.invalidPasswordLogin
2026-06-13 16:21:58.096 [main] INFO  testcases.BaseTest - Closing browser
2026-06-13 16:21:58.097 [main] INFO  utilities.DriverFactory - Closing browser
2026-06-13 16:21:58.260 [main] INFO  testcases.BaseTest - Opening browser
2026-06-13 16:21:58.261 [main] WARN  utilities.DriverFactory - No browser specified. Defaulting to Chrome
2026-06-13 16:21:58.261 [main] INFO  utilities.DriverFactory - No driver found. Creating new driver for: chrome
2026-06-13 16:21:58.261 [main] INFO  utilities.DriverFactory - Initializing driver for: chrome
2026-06-13 16:21:58.261 [main] INFO  utilities.DriverFactory - Starting ChromeDriver
2026-06-13 16:21:59.200 [main] INFO  testcases.BaseTest - Navigating to SauceDemo
2026-06-13 16:22:00.060 [main] INFO  listeners.ITest - TEST START: LoginTest.invalidUsernameLogin
2026-06-13 16:22:01.798 [main] INFO  listeners.ITest - TEST PASS: LoginTest.invalidUsernameLogin
2026-06-13 16:22:01.802 [main] INFO  testcases.BaseTest - Closing browser
2026-06-13 16:22:01.802 [main] INFO  utilities.DriverFactory - Closing browser
2026-06-13 16:22:02.010 [main] INFO  testcases.BaseTest - Opening browser
2026-06-13 16:22:02.011 [main] WARN  utilities.DriverFactory - No browser specified. Defaulting to Chrome
2026-06-13 16:22:02.011 [main] INFO  utilities.DriverFactory - No driver found. Creating new driver for: chrome
2026-06-13 16:22:02.011 [main] INFO  utilities.DriverFactory - Initializing driver for: chrome
2026-06-13 16:22:02.011 [main] INFO  utilities.DriverFactory - Starting ChromeDriver
2026-06-13 16:22:02.881 [main] INFO  testcases.BaseTest - Navigating to SauceDemo
2026-06-13 16:22:03.835 [main] INFO  listeners.ITest - TEST START: LoginTest.lockedOutUserLogin
2026-06-13 16:22:04.313 [main] INFO  listeners.ITest - TEST PASS: LoginTest.lockedOutUserLogin
2026-06-13 16:22:04.315 [main] INFO  testcases.BaseTest - Closing browser
2026-06-13 16:22:04.316 [main] INFO  utilities.DriverFactory - Closing browser
2026-06-13 16:22:04.487 [main] INFO  testcases.BaseTest - Opening browser
2026-06-13 16:22:04.487 [main] WARN  utilities.DriverFactory - No browser specified. Defaulting to Chrome
2026-06-13 16:22:04.487 [main] INFO  utilities.DriverFactory - No driver found. Creating new driver for: chrome
2026-06-13 16:22:04.487 [main] INFO  utilities.DriverFactory - Initializing driver for: chrome
2026-06-13 16:22:04.487 [main] INFO  utilities.DriverFactory - Starting ChromeDriver
2026-06-13 16:22:05.687 [main] INFO  testcases.BaseTest - Navigating to SauceDemo
2026-06-13 16:22:06.493 [main] INFO  listeners.ITest - TEST START: LoginTest.loginWithPerformanceGlitchUser
2026-06-13 16:22:11.903 [main] INFO  listeners.ITest - TEST PASS: LoginTest.loginWithPerformanceGlitchUser
2026-06-13 16:22:11.906 [main] INFO  testcases.BaseTest - Closing browser
2026-06-13 16:22:11.906 [main] INFO  utilities.DriverFactory - Closing browser
2026-06-13 16:22:12.089 [main] INFO  testcases.BaseTest - Opening browser
2026-06-13 16:22:12.089 [main] WARN  utilities.DriverFactory - No browser specified. Defaulting to Chrome
2026-06-13 16:22:12.089 [main] INFO  utilities.DriverFactory - No driver found. Creating new driver for: chrome
2026-06-13 16:22:12.089 [main] INFO  utilities.DriverFactory - Initializing driver for: chrome
2026-06-13 16:22:12.089 [main] INFO  utilities.DriverFactory - Starting ChromeDriver
2026-06-13 16:22:13.342 [main] INFO  testcases.BaseTest - Navigating to SauceDemo
2026-06-13 16:22:14.252 [main] INFO  listeners.ITest - TEST START: LoginTest.loginWithProblemUser
2026-06-13 16:22:14.811 [main] INFO  listeners.ITest - TEST PASS: LoginTest.loginWithProblemUser
2026-06-13 16:22:14.814 [main] INFO  testcases.BaseTest - Closing browser
2026-06-13 16:22:14.814 [main] INFO  utilities.DriverFactory - Closing browser
2026-06-13 16:22:14.970 [main] INFO  testcases.BaseTest - Opening browser
2026-06-13 16:22:14.971 [main] WARN  utilities.DriverFactory - No browser specified. Defaulting to Chrome
2026-06-13 16:22:14.971 [main] INFO  utilities.DriverFactory - No driver found. Creating new driver for: chrome
2026-06-13 16:22:14.971 [main] INFO  utilities.DriverFactory - Initializing driver for: chrome
2026-06-13 16:22:14.971 [main] INFO  utilities.DriverFactory - Starting ChromeDriver
2026-06-13 16:22:16.282 [main] INFO  testcases.BaseTest - Navigating to SauceDemo
2026-06-13 16:22:16.592 [main] INFO  listeners.ITest - TEST START: LoginTest.validLogin
2026-06-13 16:22:17.677 [main] INFO  listeners.ITest - TEST PASS: LoginTest.validLogin
2026-06-13 16:22:17.680 [main] INFO  testcases.BaseTest - Closing browser
2026-06-13 16:22:17.680 [main] INFO  utilities.DriverFactory - Closing browser
2026-06-13 16:22:17.868 [main] INFO  testcases.BaseTest - Opening browser
2026-06-13 16:22:17.868 [main] WARN  utilities.DriverFactory - No browser specified. Defaulting to Chrome
2026-06-13 16:22:17.868 [main] INFO  utilities.DriverFactory - No driver found. Creating new driver for: chrome
2026-06-13 16:22:17.868 [main] INFO  utilities.DriverFactory - Initializing driver for: chrome
2026-06-13 16:22:17.868 [main] INFO  utilities.DriverFactory - Starting ChromeDriver
2026-06-13 16:22:19.046 [main] INFO  testcases.BaseTest - Navigating to SauceDemo
2026-06-13 16:22:19.836 [main] INFO  listeners.ITest - TEST START: LoginTest.verifyLoginPageTitle
2026-06-13 16:22:19.847 [main] INFO  listeners.ITest - TEST PASS: LoginTest.verifyLoginPageTitle
2026-06-13 16:22:19.849 [main] INFO  testcases.BaseTest - Closing browser
2026-06-13 16:22:19.849 [main] INFO  utilities.DriverFactory - Closing browser
2026-06-13 16:22:20.238 [main] INFO  listeners.ITest - CONTEXT FINISH: Login Tests
2026-06-13 16:22:20.286 [main] INFO  listeners.ITest - CONTEXT START: Landing Page Tests (3 tests)
2026-06-13 16:22:20.288 [main] INFO  listeners.ITest - CONTEXT TESTS: LandingPageTest.addToCartShouldIncreaseCartBadgeCount, LandingPageTest.cartIconShouldOpenCartPageWithSelectedItem, LandingPageTest.removeFromCartShouldDecreaseCartBadgeCount
2026-06-13 16:22:20.297 [main] INFO  testcases.BaseTest - Opening browser
2026-06-13 16:22:20.297 [main] WARN  utilities.DriverFactory - No browser specified. Defaulting to Chrome
2026-06-13 16:22:20.298 [main] INFO  utilities.DriverFactory - No driver found. Creating new driver for: chrome
2026-06-13 16:22:20.298 [main] INFO  utilities.DriverFactory - Initializing driver for: chrome
2026-06-13 16:22:20.299 [main] INFO  utilities.DriverFactory - Starting ChromeDriver
2026-06-13 16:22:22.445 [main] INFO  testcases.BaseTest - Navigating to SauceDemo
2026-06-13 16:22:23.285 [main] INFO  listeners.ITest - TEST START: LandingPageTest.addToCartShouldIncreaseCartBadgeCount
2026-06-13 16:22:42.103 [main] INFO  listeners.ITest - TEST PASS: LandingPageTest.addToCartShouldIncreaseCartBadgeCount
2026-06-13 16:22:42.105 [main] INFO  testcases.BaseTest - Closing browser
2026-06-13 16:22:42.106 [main] INFO  utilities.DriverFactory - Closing browser
2026-06-13 16:22:42.295 [main] INFO  testcases.BaseTest - Opening browser
2026-06-13 16:22:42.295 [main] WARN  utilities.DriverFactory - No browser specified. Defaulting to Chrome
2026-06-13 16:22:42.295 [main] INFO  utilities.DriverFactory - No driver found. Creating new driver for: chrome
2026-06-13 16:22:42.295 [main] INFO  utilities.DriverFactory - Initializing driver for: chrome
2026-06-13 16:22:42.295 [main] INFO  utilities.DriverFactory - Starting ChromeDriver
2026-06-13 16:22:43.283 [main] INFO  testcases.BaseTest - Navigating to SauceDemo
2026-06-13 16:22:44.086 [main] INFO  listeners.ITest - TEST START: LandingPageTest.cartIconShouldOpenCartPageWithSelectedItem
2026-06-13 16:22:45.122 [main] INFO  listeners.ITest - TEST PASS: LandingPageTest.cartIconShouldOpenCartPageWithSelectedItem
2026-06-13 16:22:45.125 [main] INFO  testcases.BaseTest - Closing browser
2026-06-13 16:22:45.125 [main] INFO  utilities.DriverFactory - Closing browser
2026-06-13 16:22:45.292 [main] INFO  testcases.BaseTest - Opening browser
2026-06-13 16:22:45.292 [main] WARN  utilities.DriverFactory - No browser specified. Defaulting to Chrome
2026-06-13 16:22:45.293 [main] INFO  utilities.DriverFactory - No driver found. Creating new driver for: chrome
2026-06-13 16:22:45.293 [main] INFO  utilities.DriverFactory - Initializing driver for: chrome
2026-06-13 16:22:45.293 [main] INFO  utilities.DriverFactory - Starting ChromeDriver
2026-06-13 16:22:46.310 [main] INFO  testcases.BaseTest - Navigating to SauceDemo
2026-06-13 16:22:47.201 [main] INFO  listeners.ITest - TEST START: LandingPageTest.removeFromCartShouldDecreaseCartBadgeCount
2026-06-13 16:22:59.428 [main] INFO  listeners.ITest - TEST PASS: LandingPageTest.removeFromCartShouldDecreaseCartBadgeCount
2026-06-13 16:22:59.442 [main] INFO  testcases.BaseTest - Closing browser
2026-06-13 16:22:59.443 [main] INFO  utilities.DriverFactory - Closing browser
2026-06-13 16:23:00.380 [main] INFO  listeners.ITest - CONTEXT FINISH: Landing Page Tests
2026-06-13 16:23:00.392 [main] INFO  listeners.ITest - CONTEXT START: Checkout Tests (5 tests)
2026-06-13 16:23:00.393 [main] INFO  listeners.ITest - CONTEXT TESTS: CheckoutTest.checkoutInformationShouldNavigateToStepTwo, CheckoutTest.checkoutShouldShowErrorWhenFirstNameMissing, CheckoutTest.checkoutShouldShowErrorWhenLastNameMissing, CheckoutTest.checkoutShouldShowErrorWhenPostalCodeMissing, CheckoutTest.completeCheckoutShouldNavigateToCompletePage
2026-06-13 16:23:00.401 [main] INFO  testcases.BaseTest - Opening browser
2026-06-13 16:23:00.402 [main] WARN  utilities.DriverFactory - No browser specified. Defaulting to Chrome
2026-06-13 16:23:00.403 [main] INFO  utilities.DriverFactory - No driver found. Creating new driver for: chrome
2026-06-13 16:23:00.404 [main] INFO  utilities.DriverFactory - Initializing driver for: chrome
2026-06-13 16:23:00.404 [main] INFO  utilities.DriverFactory - Starting ChromeDriver
2026-06-13 16:23:02.226 [main] INFO  testcases.BaseTest - Navigating to SauceDemo
2026-06-13 16:23:03.184 [main] INFO  listeners.ITest - TEST START: CheckoutTest.checkoutInformationShouldNavigateToStepTwo
2026-06-13 16:23:08.620 [main] INFO  listeners.ITest - TEST PASS: CheckoutTest.checkoutInformationShouldNavigateToStepTwo
2026-06-13 16:23:08.622 [main] INFO  testcases.BaseTest - Closing browser
2026-06-13 16:23:08.623 [main] INFO  utilities.DriverFactory - Closing browser
2026-06-13 16:23:09.051 [main] INFO  testcases.BaseTest - Opening browser
2026-06-13 16:23:09.052 [main] WARN  utilities.DriverFactory - No browser specified. Defaulting to Chrome
2026-06-13 16:23:09.053 [main] INFO  utilities.DriverFactory - No driver found. Creating new driver for: chrome
2026-06-13 16:23:09.053 [main] INFO  utilities.DriverFactory - Initializing driver for: chrome
2026-06-13 16:23:09.053 [main] INFO  utilities.DriverFactory - Starting ChromeDriver
2026-06-13 16:23:12.956 [main] INFO  testcases.BaseTest - Navigating to SauceDemo
2026-06-13 16:23:13.983 [main] INFO  listeners.ITest - TEST START: CheckoutTest.checkoutShouldShowErrorWhenFirstNameMissing
2026-06-13 16:23:14.902 [main] INFO  listeners.ITest - TEST PASS: CheckoutTest.checkoutShouldShowErrorWhenFirstNameMissing
2026-06-13 16:23:14.904 [main] INFO  testcases.BaseTest - Closing browser
2026-06-13 16:23:14.904 [main] INFO  utilities.DriverFactory - Closing browser
2026-06-13 16:23:15.033 [main] INFO  testcases.BaseTest - Opening browser
2026-06-13 16:23:15.033 [main] WARN  utilities.DriverFactory - No browser specified. Defaulting to Chrome
2026-06-13 16:23:15.033 [main] INFO  utilities.DriverFactory - No driver found. Creating new driver for: chrome
2026-06-13 16:23:15.033 [main] INFO  utilities.DriverFactory - Initializing driver for: chrome
2026-06-13 16:23:15.033 [main] INFO  utilities.DriverFactory - Starting ChromeDriver
2026-06-13 16:23:16.029 [main] INFO  testcases.BaseTest - Navigating to SauceDemo
2026-06-13 16:23:16.257 [main] INFO  listeners.ITest - TEST START: CheckoutTest.checkoutShouldShowErrorWhenLastNameMissing
2026-06-13 16:23:17.957 [main] INFO  listeners.ITest - TEST PASS: CheckoutTest.checkoutShouldShowErrorWhenLastNameMissing
2026-06-13 16:23:17.960 [main] INFO  testcases.BaseTest - Closing browser
2026-06-13 16:23:17.960 [main] INFO  utilities.DriverFactory - Closing browser
2026-06-13 16:23:18.145 [main] INFO  testcases.BaseTest - Opening browser
2026-06-13 16:23:18.145 [main] WARN  utilities.DriverFactory - No browser specified. Defaulting to Chrome
2026-06-13 16:23:18.145 [main] INFO  utilities.DriverFactory - No driver found. Creating new driver for: chrome
2026-06-13 16:23:18.145 [main] INFO  utilities.DriverFactory - Initializing driver for: chrome
2026-06-13 16:23:18.145 [main] INFO  utilities.DriverFactory - Starting ChromeDriver
2026-06-13 16:23:19.140 [main] INFO  testcases.BaseTest - Navigating to SauceDemo
2026-06-13 16:23:19.403 [main] INFO  listeners.ITest - TEST START: CheckoutTest.checkoutShouldShowErrorWhenPostalCodeMissing
2026-06-13 16:23:20.923 [main] INFO  listeners.ITest - TEST PASS: CheckoutTest.checkoutShouldShowErrorWhenPostalCodeMissing
2026-06-13 16:23:20.926 [main] INFO  testcases.BaseTest - Closing browser
2026-06-13 16:23:20.926 [main] INFO  utilities.DriverFactory - Closing browser
2026-06-13 16:23:21.109 [main] INFO  testcases.BaseTest - Opening browser
2026-06-13 16:23:21.109 [main] WARN  utilities.DriverFactory - No browser specified. Defaulting to Chrome
2026-06-13 16:23:21.109 [main] INFO  utilities.DriverFactory - No driver found. Creating new driver for: chrome
2026-06-13 16:23:21.109 [main] INFO  utilities.DriverFactory - Initializing driver for: chrome
2026-06-13 16:23:21.109 [main] INFO  utilities.DriverFactory - Starting ChromeDriver
2026-06-13 16:23:22.126 [main] INFO  testcases.BaseTest - Navigating to SauceDemo
2026-06-13 16:23:22.974 [main] INFO  listeners.ITest - TEST START: CheckoutTest.completeCheckoutShouldNavigateToCompletePage
2026-06-13 16:23:33.790 [main] INFO  listeners.ITest - TEST PASS: CheckoutTest.completeCheckoutShouldNavigateToCompletePage
2026-06-13 16:23:33.793 [main] INFO  testcases.BaseTest - Closing browser
2026-06-13 16:23:33.793 [main] INFO  utilities.DriverFactory - Closing browser
2026-06-13 16:23:35.744 [main] INFO  listeners.ITest - CONTEXT FINISH: Checkout Tests
2026-06-13 16:23:35.756 [main] INFO  listeners.AllureReportListener - Opening Allure report...
2026-06-13 16:25:56.334 [main] INFO  listeners.ITest - CONTEXT START: Login Tests (10 tests)
2026-06-13 16:25:56.339 [main] INFO  listeners.ITest - CONTEXT TESTS: LoginTest.emptyPassword, LoginTest.emptyUsername, LoginTest.emptyUsernameAndPassword, LoginTest.invalidPasswordLogin, LoginTest.invalidUsernameLogin, LoginTest.lockedOutUserLogin, LoginTest.loginWithPerformanceGlitchUser, LoginTest.loginWithProblemUser, LoginTest.validLogin, LoginTest.verifyLoginPageTitle
2026-06-13 16:25:56.422 [main] INFO  testcases.BaseTest - Opening browser
2026-06-13 16:25:56.423 [main] WARN  utilities.DriverFactory - No browser specified. Defaulting to Chrome
2026-06-13 16:25:56.424 [main] INFO  utilities.DriverFactory - No driver found. Creating new driver for: chrome
2026-06-13 16:25:56.424 [main] INFO  utilities.DriverFactory - Initializing driver for: chrome
2026-06-13 16:25:56.424 [main] INFO  utilities.DriverFactory - Starting ChromeDriver
2026-06-13 16:27:54.953 [main] INFO  listeners.ITest - CONTEXT START: swaglabs-web-automation-project (18 tests)
2026-06-13 16:27:54.963 [main] INFO  listeners.ITest - CONTEXT TESTS: CheckoutTest.checkoutInformationShouldNavigateToStepTwo, CheckoutTest.checkoutShouldShowErrorWhenFirstNameMissing, CheckoutTest.checkoutShouldShowErrorWhenLastNameMissing, CheckoutTest.checkoutShouldShowErrorWhenPostalCodeMissing, CheckoutTest.completeCheckoutShouldNavigateToCompletePage, LandingPageTest.addToCartShouldIncreaseCartBadgeCount, LandingPageTest.cartIconShouldOpenCartPageWithSelectedItem, LandingPageTest.removeFromCartShouldDecreaseCartBadgeCount, LoginTest.emptyPassword, LoginTest.emptyUsername, LoginTest.emptyUsernameAndPassword, LoginTest.invalidPasswordLogin, LoginTest.invalidUsernameLogin, LoginTest.lockedOutUserLogin, LoginTest.loginWithPerformanceGlitchUser, LoginTest.loginWithProblemUser, LoginTest.validLogin, LoginTest.verifyLoginPageTitle
2026-06-13 16:27:55.110 [main] INFO  testcases.BaseTest - Opening browser
2026-06-13 16:27:55.114 [main] WARN  utilities.DriverFactory - No browser specified. Defaulting to Chrome
2026-06-13 16:27:55.114 [main] INFO  utilities.DriverFactory - No driver found. Creating new driver for: chrome
2026-06-13 16:27:55.114 [main] INFO  utilities.DriverFactory - Initializing driver for: chrome
2026-06-13 16:27:55.114 [main] INFO  utilities.DriverFactory - Starting ChromeDriver
2026-06-13 16:27:57.629 [main] INFO  testcases.BaseTest - Navigating to SauceDemo
2026-06-13 16:27:58.669 [main] INFO  listeners.ITest - TEST START: CheckoutTest.checkoutInformationShouldNavigateToStepTwo
2026-06-13 16:28:12.648 [main] INFO  listeners.ITest - TEST PASS: CheckoutTest.checkoutInformationShouldNavigateToStepTwo
2026-06-13 16:28:12.651 [main] INFO  testcases.BaseTest - Closing browser
2026-06-13 16:28:12.651 [main] INFO  utilities.DriverFactory - Closing browser
2026-06-13 16:28:13.371 [main] INFO  testcases.BaseTest - Opening browser
2026-06-13 16:28:13.371 [main] WARN  utilities.DriverFactory - No browser specified. Defaulting to Chrome
2026-06-13 16:28:13.371 [main] INFO  utilities.DriverFactory - No driver found. Creating new driver for: chrome
2026-06-13 16:28:13.371 [main] INFO  utilities.DriverFactory - Initializing driver for: chrome
2026-06-13 16:28:13.372 [main] INFO  utilities.DriverFactory - Starting ChromeDriver
2026-06-13 16:28:14.689 [main] INFO  testcases.BaseTest - Navigating to SauceDemo
2026-06-13 16:28:15.616 [main] INFO  listeners.ITest - TEST START: CheckoutTest.checkoutShouldShowErrorWhenFirstNameMissing
2026-06-13 16:28:20.186 [main] INFO  listeners.ITest - TEST PASS: CheckoutTest.checkoutShouldShowErrorWhenFirstNameMissing
2026-06-13 16:28:20.190 [main] INFO  testcases.BaseTest - Closing browser
2026-06-13 16:28:20.191 [main] INFO  utilities.DriverFactory - Closing browser
2026-06-13 16:28:20.517 [main] INFO  testcases.BaseTest - Opening browser
2026-06-13 16:28:20.517 [main] WARN  utilities.DriverFactory - No browser specified. Defaulting to Chrome
2026-06-13 16:28:20.517 [main] INFO  utilities.DriverFactory - No driver found. Creating new driver for: chrome
2026-06-13 16:28:20.517 [main] INFO  utilities.DriverFactory - Initializing driver for: chrome
2026-06-13 16:28:20.517 [main] INFO  utilities.DriverFactory - Starting ChromeDriver
2026-06-13 16:28:21.969 [main] INFO  testcases.BaseTest - Navigating to SauceDemo
2026-06-13 16:28:22.752 [main] INFO  listeners.ITest - TEST START: CheckoutTest.checkoutShouldShowErrorWhenLastNameMissing
2026-06-13 16:28:23.703 [main] INFO  listeners.ITest - TEST PASS: CheckoutTest.checkoutShouldShowErrorWhenLastNameMissing
2026-06-13 16:28:23.705 [main] INFO  testcases.BaseTest - Closing browser
2026-06-13 16:28:23.705 [main] INFO  utilities.DriverFactory - Closing browser
2026-06-13 16:28:23.883 [main] INFO  testcases.BaseTest - Opening browser
2026-06-13 16:28:23.884 [main] WARN  utilities.DriverFactory - No browser specified. Defaulting to Chrome
2026-06-13 16:28:23.884 [main] INFO  utilities.DriverFactory - No driver found. Creating new driver for: chrome
2026-06-13 16:28:23.884 [main] INFO  utilities.DriverFactory - Initializing driver for: chrome
2026-06-13 16:28:23.884 [main] INFO  utilities.DriverFactory - Starting ChromeDriver
2026-06-13 16:28:25.361 [main] INFO  testcases.BaseTest - Navigating to SauceDemo
2026-06-13 16:28:26.179 [main] INFO  listeners.ITest - TEST START: CheckoutTest.checkoutShouldShowErrorWhenPostalCodeMissing
2026-06-13 16:28:30.885 [main] INFO  listeners.ITest - TEST PASS: CheckoutTest.checkoutShouldShowErrorWhenPostalCodeMissing
2026-06-13 16:28:30.889 [main] INFO  testcases.BaseTest - Closing browser
2026-06-13 16:28:30.890 [main] INFO  utilities.DriverFactory - Closing browser
2026-06-13 16:28:31.566 [main] INFO  testcases.BaseTest - Opening browser
2026-06-13 16:28:31.566 [main] WARN  utilities.DriverFactory - No browser specified. Defaulting to Chrome
2026-06-13 16:28:31.566 [main] INFO  utilities.DriverFactory - No driver found. Creating new driver for: chrome
2026-06-13 16:28:31.566 [main] INFO  utilities.DriverFactory - Initializing driver for: chrome
2026-06-13 16:28:31.566 [main] INFO  utilities.DriverFactory - Starting ChromeDriver
2026-06-13 16:28:32.909 [main] INFO  testcases.BaseTest - Navigating to SauceDemo
2026-06-13 16:28:33.743 [main] INFO  listeners.ITest - TEST START: CheckoutTest.completeCheckoutShouldNavigateToCompletePage
2026-06-13 16:28:56.206 [main] INFO  listeners.ITest - TEST PASS: CheckoutTest.completeCheckoutShouldNavigateToCompletePage
2026-06-13 16:28:56.207 [main] INFO  testcases.BaseTest - Closing browser
2026-06-13 16:28:56.207 [main] INFO  utilities.DriverFactory - Closing browser
2026-06-13 16:28:56.443 [main] INFO  testcases.BaseTest - Opening browser
2026-06-13 16:28:56.443 [main] WARN  utilities.DriverFactory - No browser specified. Defaulting to Chrome
2026-06-13 16:28:56.443 [main] INFO  utilities.DriverFactory - No driver found. Creating new driver for: chrome
2026-06-13 16:28:56.443 [main] INFO  utilities.DriverFactory - Initializing driver for: chrome
2026-06-13 16:28:56.443 [main] INFO  utilities.DriverFactory - Starting ChromeDriver
2026-06-13 16:28:58.062 [main] INFO  testcases.BaseTest - Navigating to SauceDemo
2026-06-13 16:28:59.217 [main] INFO  listeners.ITest - TEST START: LandingPageTest.addToCartShouldIncreaseCartBadgeCount
2026-06-13 16:29:16.802 [main] INFO  listeners.ITest - TEST PASS: LandingPageTest.addToCartShouldIncreaseCartBadgeCount
2026-06-13 16:29:16.808 [main] INFO  testcases.BaseTest - Closing browser
2026-06-13 16:29:16.809 [main] INFO  utilities.DriverFactory - Closing browser
2026-06-13 16:29:17.369 [main] INFO  testcases.BaseTest - Opening browser
2026-06-13 16:29:17.370 [main] WARN  utilities.DriverFactory - No browser specified. Defaulting to Chrome
2026-06-13 16:29:17.370 [main] INFO  utilities.DriverFactory - No driver found. Creating new driver for: chrome
2026-06-13 16:29:17.370 [main] INFO  utilities.DriverFactory - Initializing driver for: chrome
2026-06-13 16:29:17.370 [main] INFO  utilities.DriverFactory - Starting ChromeDriver
2026-06-13 16:29:18.771 [main] INFO  testcases.BaseTest - Navigating to SauceDemo
2026-06-13 16:29:19.787 [main] INFO  listeners.ITest - TEST START: LandingPageTest.cartIconShouldOpenCartPageWithSelectedItem
2026-06-13 16:29:21.100 [main] INFO  listeners.ITest - TEST PASS: LandingPageTest.cartIconShouldOpenCartPageWithSelectedItem
2026-06-13 16:29:21.101 [main] INFO  testcases.BaseTest - Closing browser
2026-06-13 16:29:21.101 [main] INFO  utilities.DriverFactory - Closing browser
2026-06-13 16:29:21.292 [main] INFO  testcases.BaseTest - Opening browser
2026-06-13 16:29:21.292 [main] WARN  utilities.DriverFactory - No browser specified. Defaulting to Chrome
2026-06-13 16:29:21.292 [main] INFO  utilities.DriverFactory - No driver found. Creating new driver for: chrome
2026-06-13 16:29:21.292 [main] INFO  utilities.DriverFactory - Initializing driver for: chrome
2026-06-13 16:29:21.292 [main] INFO  utilities.DriverFactory - Starting ChromeDriver
2026-06-13 16:29:22.314 [main] INFO  testcases.BaseTest - Navigating to SauceDemo
2026-06-13 16:29:23.158 [main] INFO  listeners.ITest - TEST START: LandingPageTest.removeFromCartShouldDecreaseCartBadgeCount
2026-06-13 16:29:33.807 [main] INFO  listeners.ITest - TEST PASS: LandingPageTest.removeFromCartShouldDecreaseCartBadgeCount
2026-06-13 16:29:33.808 [main] INFO  testcases.BaseTest - Closing browser
2026-06-13 16:29:33.808 [main] INFO  utilities.DriverFactory - Closing browser
2026-06-13 16:29:34.110 [main] INFO  testcases.BaseTest - Opening browser
2026-06-13 16:29:34.111 [main] WARN  utilities.DriverFactory - No browser specified. Defaulting to Chrome
2026-06-13 16:29:34.112 [main] INFO  utilities.DriverFactory - No driver found. Creating new driver for: chrome
2026-06-13 16:29:34.113 [main] INFO  utilities.DriverFactory - Initializing driver for: chrome
2026-06-13 16:29:34.114 [main] INFO  utilities.DriverFactory - Starting ChromeDriver
2026-06-13 16:29:36.311 [main] INFO  testcases.BaseTest - Navigating to SauceDemo
2026-06-13 16:29:37.469 [main] INFO  listeners.ITest - TEST START: LoginTest.emptyPassword
2026-06-13 16:29:38.726 [main] INFO  listeners.ITest - TEST PASS: LoginTest.emptyPassword
2026-06-13 16:29:38.727 [main] INFO  testcases.BaseTest - Closing browser
2026-06-13 16:29:38.728 [main] INFO  utilities.DriverFactory - Closing browser
2026-06-13 16:29:38.916 [main] INFO  testcases.BaseTest - Opening browser
2026-06-13 16:29:38.916 [main] WARN  utilities.DriverFactory - No browser specified. Defaulting to Chrome
2026-06-13 16:29:38.916 [main] INFO  utilities.DriverFactory - No driver found. Creating new driver for: chrome
2026-06-13 16:29:38.916 [main] INFO  utilities.DriverFactory - Initializing driver for: chrome
2026-06-13 16:29:38.916 [main] INFO  utilities.DriverFactory - Starting ChromeDriver
2026-06-13 16:29:40.039 [main] INFO  testcases.BaseTest - Navigating to SauceDemo
2026-06-13 16:29:40.956 [main] INFO  listeners.ITest - TEST START: LoginTest.emptyUsername
2026-06-13 16:29:41.371 [main] INFO  listeners.ITest - TEST PASS: LoginTest.emptyUsername
2026-06-13 16:29:41.372 [main] INFO  testcases.BaseTest - Closing browser
2026-06-13 16:29:41.372 [main] INFO  utilities.DriverFactory - Closing browser
2026-06-13 16:29:41.547 [main] INFO  testcases.BaseTest - Opening browser
2026-06-13 16:29:41.547 [main] WARN  utilities.DriverFactory - No browser specified. Defaulting to Chrome
2026-06-13 16:29:41.548 [main] INFO  utilities.DriverFactory - No driver found. Creating new driver for: chrome
2026-06-13 16:29:41.548 [main] INFO  utilities.DriverFactory - Initializing driver for: chrome
2026-06-13 16:29:41.548 [main] INFO  utilities.DriverFactory - Starting ChromeDriver
2026-06-13 16:29:42.865 [main] INFO  testcases.BaseTest - Navigating to SauceDemo
2026-06-13 16:29:43.861 [main] INFO  listeners.ITest - TEST START: LoginTest.emptyUsernameAndPassword
2026-06-13 16:29:45.501 [main] INFO  listeners.ITest - TEST PASS: LoginTest.emptyUsernameAndPassword
2026-06-13 16:29:45.505 [main] INFO  testcases.BaseTest - Closing browser
2026-06-13 16:29:45.506 [main] INFO  utilities.DriverFactory - Closing browser
2026-06-13 16:29:46.395 [main] INFO  testcases.BaseTest - Opening browser
2026-06-13 16:29:46.396 [main] WARN  utilities.DriverFactory - No browser specified. Defaulting to Chrome
2026-06-13 16:29:46.396 [main] INFO  utilities.DriverFactory - No driver found. Creating new driver for: chrome
2026-06-13 16:29:46.397 [main] INFO  utilities.DriverFactory - Initializing driver for: chrome
2026-06-13 16:29:46.397 [main] INFO  utilities.DriverFactory - Starting ChromeDriver
2026-06-13 16:29:47.917 [main] INFO  testcases.BaseTest - Navigating to SauceDemo
2026-06-13 16:29:49.415 [main] INFO  listeners.ITest - TEST START: LoginTest.invalidPasswordLogin
2026-06-13 16:29:51.206 [main] INFO  listeners.ITest - TEST PASS: LoginTest.invalidPasswordLogin
2026-06-13 16:29:51.210 [main] INFO  testcases.BaseTest - Closing browser
2026-06-13 16:29:51.210 [main] INFO  utilities.DriverFactory - Closing browser
2026-06-13 16:29:51.569 [main] INFO  testcases.BaseTest - Opening browser
2026-06-13 16:29:51.569 [main] WARN  utilities.DriverFactory - No browser specified. Defaulting to Chrome
2026-06-13 16:29:51.569 [main] INFO  utilities.DriverFactory - No driver found. Creating new driver for: chrome
2026-06-13 16:29:51.569 [main] INFO  utilities.DriverFactory - Initializing driver for: chrome
2026-06-13 16:29:51.570 [main] INFO  utilities.DriverFactory - Starting ChromeDriver
2026-06-13 16:29:52.647 [main] INFO  testcases.BaseTest - Navigating to SauceDemo
2026-06-13 16:29:55.287 [main] INFO  listeners.ITest - TEST START: LoginTest.invalidUsernameLogin
2026-06-13 16:29:55.705 [main] INFO  listeners.ITest - TEST PASS: LoginTest.invalidUsernameLogin
2026-06-13 16:29:55.706 [main] INFO  testcases.BaseTest - Closing browser
2026-06-13 16:29:55.706 [main] INFO  utilities.DriverFactory - Closing browser
2026-06-13 16:29:55.896 [main] INFO  testcases.BaseTest - Opening browser
2026-06-13 16:29:55.896 [main] WARN  utilities.DriverFactory - No browser specified. Defaulting to Chrome
2026-06-13 16:29:55.897 [main] INFO  utilities.DriverFactory - No driver found. Creating new driver for: chrome
2026-06-13 16:29:55.897 [main] INFO  utilities.DriverFactory - Initializing driver for: chrome
2026-06-13 16:29:55.897 [main] INFO  utilities.DriverFactory - Starting ChromeDriver
2026-06-13 16:29:57.095 [main] INFO  testcases.BaseTest - Navigating to SauceDemo
2026-06-13 16:29:58.461 [main] INFO  listeners.ITest - TEST START: LoginTest.lockedOutUserLogin
2026-06-13 16:29:59.179 [main] INFO  listeners.ITest - TEST PASS: LoginTest.lockedOutUserLogin
2026-06-13 16:29:59.180 [main] INFO  testcases.BaseTest - Closing browser
2026-06-13 16:29:59.180 [main] INFO  utilities.DriverFactory - Closing browser
2026-06-13 16:29:59.338 [main] INFO  testcases.BaseTest - Opening browser
2026-06-13 16:29:59.339 [main] WARN  utilities.DriverFactory - No browser specified. Defaulting to Chrome
2026-06-13 16:29:59.339 [main] INFO  utilities.DriverFactory - No driver found. Creating new driver for: chrome
2026-06-13 16:29:59.339 [main] INFO  utilities.DriverFactory - Initializing driver for: chrome
2026-06-13 16:29:59.339 [main] INFO  utilities.DriverFactory - Starting ChromeDriver
2026-06-13 16:30:00.306 [main] INFO  testcases.BaseTest - Navigating to SauceDemo
2026-06-13 16:30:01.629 [main] INFO  listeners.ITest - TEST START: LoginTest.loginWithPerformanceGlitchUser
2026-06-13 16:30:07.867 [main] INFO  listeners.ITest - TEST PASS: LoginTest.loginWithPerformanceGlitchUser
2026-06-13 16:30:07.871 [main] INFO  testcases.BaseTest - Closing browser
2026-06-13 16:30:07.872 [main] INFO  utilities.DriverFactory - Closing browser
2026-06-13 16:30:08.863 [main] INFO  testcases.BaseTest - Opening browser
2026-06-13 16:30:08.864 [main] WARN  utilities.DriverFactory - No browser specified. Defaulting to Chrome
2026-06-13 16:30:08.865 [main] INFO  utilities.DriverFactory - No driver found. Creating new driver for: chrome
2026-06-13 16:30:08.865 [main] INFO  utilities.DriverFactory - Initializing driver for: chrome
2026-06-13 16:30:08.866 [main] INFO  utilities.DriverFactory - Starting ChromeDriver
2026-06-13 16:30:10.551 [main] INFO  testcases.BaseTest - Navigating to SauceDemo
2026-06-13 16:30:11.826 [main] INFO  listeners.ITest - TEST START: LoginTest.loginWithProblemUser
2026-06-13 16:30:13.521 [main] INFO  listeners.ITest - TEST PASS: LoginTest.loginWithProblemUser
2026-06-13 16:30:13.522 [main] INFO  testcases.BaseTest - Closing browser
2026-06-13 16:30:13.523 [main] INFO  utilities.DriverFactory - Closing browser
2026-06-13 16:30:13.760 [main] INFO  testcases.BaseTest - Opening browser
2026-06-13 16:30:13.760 [main] WARN  utilities.DriverFactory - No browser specified. Defaulting to Chrome
2026-06-13 16:30:13.760 [main] INFO  utilities.DriverFactory - No driver found. Creating new driver for: chrome
2026-06-13 16:30:13.760 [main] INFO  utilities.DriverFactory - Initializing driver for: chrome
2026-06-13 16:30:13.760 [main] INFO  utilities.DriverFactory - Starting ChromeDriver
2026-06-13 16:30:16.617 [main] INFO  testcases.BaseTest - Navigating to SauceDemo
2026-06-13 16:30:18.851 [main] INFO  listeners.ITest - TEST START: LoginTest.validLogin
2026-06-13 16:30:20.258 [main] INFO  listeners.ITest - TEST PASS: LoginTest.validLogin
2026-06-13 16:30:20.259 [main] INFO  testcases.BaseTest - Closing browser
2026-06-13 16:30:20.260 [main] INFO  utilities.DriverFactory - Closing browser
2026-06-13 16:30:20.436 [main] INFO  testcases.BaseTest - Opening browser
2026-06-13 16:30:20.437 [main] WARN  utilities.DriverFactory - No browser specified. Defaulting to Chrome
2026-06-13 16:30:20.437 [main] INFO  utilities.DriverFactory - No driver found. Creating new driver for: chrome
2026-06-13 16:30:20.437 [main] INFO  utilities.DriverFactory - Initializing driver for: chrome
2026-06-13 16:30:20.437 [main] INFO  utilities.DriverFactory - Starting ChromeDriver
2026-06-13 16:30:21.791 [main] INFO  testcases.BaseTest - Navigating to SauceDemo
2026-06-13 16:30:22.932 [main] INFO  listeners.ITest - TEST START: LoginTest.verifyLoginPageTitle
2026-06-13 16:30:22.942 [main] INFO  listeners.ITest - TEST PASS: LoginTest.verifyLoginPageTitle
2026-06-13 16:30:22.945 [main] INFO  testcases.BaseTest - Closing browser
2026-06-13 16:30:22.946 [main] INFO  utilities.DriverFactory - Closing browser
2026-06-13 16:30:23.147 [main] INFO  listeners.ITest - CONTEXT FINISH: swaglabs-web-automation-project
2026-06-13 16:30:23.155 [main] INFO  listeners.AllureReportListener - Opening Allure report...
2026-06-13 16:32:27.855 [main] INFO  listeners.ITest - CONTEXT START: swaglabs-web-automation-project (18 tests)
2026-06-13 16:32:27.859 [main] INFO  listeners.ITest - CONTEXT TESTS: CheckoutTest.checkoutInformationShouldNavigateToStepTwo, CheckoutTest.checkoutShouldShowErrorWhenFirstNameMissing, CheckoutTest.checkoutShouldShowErrorWhenLastNameMissing, CheckoutTest.checkoutShouldShowErrorWhenPostalCodeMissing, CheckoutTest.completeCheckoutShouldNavigateToCompletePage, LandingPageTest.addToCartShouldIncreaseCartBadgeCount, LandingPageTest.cartIconShouldOpenCartPageWithSelectedItem, LandingPageTest.removeFromCartShouldDecreaseCartBadgeCount, LoginTest.emptyPassword, LoginTest.emptyUsername, LoginTest.emptyUsernameAndPassword, LoginTest.invalidPasswordLogin, LoginTest.invalidUsernameLogin, LoginTest.lockedOutUserLogin, LoginTest.loginWithPerformanceGlitchUser, LoginTest.loginWithProblemUser, LoginTest.validLogin, LoginTest.verifyLoginPageTitle
2026-06-13 16:32:27.929 [main] INFO  testcases.BaseTest - Opening browser
2026-06-13 16:32:27.931 [main] WARN  utilities.DriverFactory - No browser specified. Defaulting to Chrome
2026-06-13 16:32:27.931 [main] INFO  utilities.DriverFactory - No driver found. Creating new driver for: chrome
2026-06-13 16:32:27.931 [main] INFO  utilities.DriverFactory - Initializing driver for: chrome
2026-06-13 16:32:27.931 [main] INFO  utilities.DriverFactory - Starting ChromeDriver
2026-06-13 16:32:29.875 [main] INFO  testcases.BaseTest - Navigating to SauceDemo
2026-06-13 16:32:31.712 [main] INFO  listeners.ITest - TEST START: CheckoutTest.checkoutInformationShouldNavigateToStepTwo
2026-06-13 16:32:33.387 [main] INFO  listeners.ITest - TEST PASS: CheckoutTest.checkoutInformationShouldNavigateToStepTwo
2026-06-13 16:32:33.389 [main] INFO  testcases.BaseTest - Closing browser
2026-06-13 16:32:33.390 [main] INFO  utilities.DriverFactory - Closing browser
2026-06-13 16:32:33.585 [main] INFO  testcases.BaseTest - Opening browser
2026-06-13 16:32:33.585 [main] WARN  utilities.DriverFactory - No browser specified. Defaulting to Chrome
2026-06-13 16:32:33.585 [main] INFO  utilities.DriverFactory - No driver found. Creating new driver for: chrome
2026-06-13 16:32:33.586 [main] INFO  utilities.DriverFactory - Initializing driver for: chrome
2026-06-13 16:32:33.586 [main] INFO  utilities.DriverFactory - Starting ChromeDriver
2026-06-13 16:32:35.071 [main] INFO  testcases.BaseTest - Navigating to SauceDemo
2026-06-13 16:32:35.841 [main] INFO  listeners.ITest - TEST START: CheckoutTest.checkoutShouldShowErrorWhenFirstNameMissing
2026-06-13 16:32:36.788 [main] INFO  listeners.ITest - TEST PASS: CheckoutTest.checkoutShouldShowErrorWhenFirstNameMissing
2026-06-13 16:32:36.789 [main] INFO  testcases.BaseTest - Closing browser
2026-06-13 16:32:36.789 [main] INFO  utilities.DriverFactory - Closing browser
2026-06-13 16:32:36.961 [main] INFO  testcases.BaseTest - Opening browser
2026-06-13 16:32:36.962 [main] WARN  utilities.DriverFactory - No browser specified. Defaulting to Chrome
2026-06-13 16:32:36.962 [main] INFO  utilities.DriverFactory - No driver found. Creating new driver for: chrome
2026-06-13 16:32:36.962 [main] INFO  utilities.DriverFactory - Initializing driver for: chrome
2026-06-13 16:32:36.962 [main] INFO  utilities.DriverFactory - Starting ChromeDriver
2026-06-13 16:32:38.034 [main] INFO  testcases.BaseTest - Navigating to SauceDemo
2026-06-13 16:32:38.287 [main] INFO  listeners.ITest - TEST START: CheckoutTest.checkoutShouldShowErrorWhenLastNameMissing
2026-06-13 16:32:39.799 [main] INFO  listeners.ITest - TEST PASS: CheckoutTest.checkoutShouldShowErrorWhenLastNameMissing
2026-06-13 16:32:39.801 [main] INFO  testcases.BaseTest - Closing browser
2026-06-13 16:32:39.801 [main] INFO  utilities.DriverFactory - Closing browser
2026-06-13 16:32:39.988 [main] INFO  testcases.BaseTest - Opening browser
2026-06-13 16:32:39.988 [main] WARN  utilities.DriverFactory - No browser specified. Defaulting to Chrome
2026-06-13 16:32:39.989 [main] INFO  utilities.DriverFactory - No driver found. Creating new driver for: chrome
2026-06-13 16:32:39.989 [main] INFO  utilities.DriverFactory - Initializing driver for: chrome
2026-06-13 16:32:39.989 [main] INFO  utilities.DriverFactory - Starting ChromeDriver
2026-06-13 16:32:42.057 [main] INFO  testcases.BaseTest - Navigating to SauceDemo
2026-06-13 16:32:42.881 [main] INFO  listeners.ITest - TEST START: CheckoutTest.checkoutShouldShowErrorWhenPostalCodeMissing
2026-06-13 16:33:00.059 [main] INFO  listeners.ITest - TEST PASS: CheckoutTest.checkoutShouldShowErrorWhenPostalCodeMissing
2026-06-13 16:33:00.074 [main] INFO  testcases.BaseTest - Closing browser
2026-06-13 16:33:00.079 [main] INFO  utilities.DriverFactory - Closing browser
2026-06-13 16:33:00.890 [main] INFO  testcases.BaseTest - Opening browser
2026-06-13 16:33:00.890 [main] WARN  utilities.DriverFactory - No browser specified. Defaulting to Chrome
2026-06-13 16:33:00.890 [main] INFO  utilities.DriverFactory - No driver found. Creating new driver for: chrome
2026-06-13 16:33:00.890 [main] INFO  utilities.DriverFactory - Initializing driver for: chrome
2026-06-13 16:33:00.891 [main] INFO  utilities.DriverFactory - Starting ChromeDriver
2026-06-13 16:33:02.078 [main] INFO  testcases.BaseTest - Navigating to SauceDemo
2026-06-13 16:33:03.018 [main] INFO  listeners.ITest - TEST START: CheckoutTest.completeCheckoutShouldNavigateToCompletePage
2026-06-13 16:33:12.821 [main] INFO  listeners.ITest - TEST PASS: CheckoutTest.completeCheckoutShouldNavigateToCompletePage
2026-06-13 16:33:12.822 [main] INFO  testcases.BaseTest - Closing browser
2026-06-13 16:33:12.822 [main] INFO  utilities.DriverFactory - Closing browser
2026-06-13 16:33:13.656 [main] INFO  testcases.BaseTest - Opening browser
2026-06-13 16:33:13.657 [main] WARN  utilities.DriverFactory - No browser specified. Defaulting to Chrome
2026-06-13 16:33:13.658 [main] INFO  utilities.DriverFactory - No driver found. Creating new driver for: chrome
2026-06-13 16:33:13.659 [main] INFO  utilities.DriverFactory - Initializing driver for: chrome
2026-06-13 16:33:13.660 [main] INFO  utilities.DriverFactory - Starting ChromeDriver
2026-06-13 16:33:15.437 [main] INFO  testcases.BaseTest - Navigating to SauceDemo
2026-06-13 16:33:15.695 [main] INFO  listeners.ITest - TEST START: LandingPageTest.addToCartShouldIncreaseCartBadgeCount
2026-06-13 16:33:33.163 [main] INFO  listeners.ITest - TEST PASS: LandingPageTest.addToCartShouldIncreaseCartBadgeCount
2026-06-13 16:33:33.169 [main] INFO  testcases.BaseTest - Closing browser
2026-06-13 16:33:33.170 [main] INFO  utilities.DriverFactory - Closing browser
2026-06-13 16:33:34.021 [main] INFO  testcases.BaseTest - Opening browser
2026-06-13 16:33:34.022 [main] WARN  utilities.DriverFactory - No browser specified. Defaulting to Chrome
2026-06-13 16:33:34.022 [main] INFO  utilities.DriverFactory - No driver found. Creating new driver for: chrome
2026-06-13 16:33:34.022 [main] INFO  utilities.DriverFactory - Initializing driver for: chrome
2026-06-13 16:33:34.022 [main] INFO  utilities.DriverFactory - Starting ChromeDriver
2026-06-13 16:33:35.343 [main] INFO  testcases.BaseTest - Navigating to SauceDemo
2026-06-13 16:33:35.589 [main] INFO  listeners.ITest - TEST START: LandingPageTest.cartIconShouldOpenCartPageWithSelectedItem
2026-06-13 16:33:36.932 [main] INFO  listeners.ITest - TEST PASS: LandingPageTest.cartIconShouldOpenCartPageWithSelectedItem
2026-06-13 16:33:36.933 [main] INFO  testcases.BaseTest - Closing browser
2026-06-13 16:33:36.933 [main] INFO  utilities.DriverFactory - Closing browser
2026-06-13 16:33:37.110 [main] INFO  testcases.BaseTest - Opening browser
2026-06-13 16:33:37.111 [main] WARN  utilities.DriverFactory - No browser specified. Defaulting to Chrome
2026-06-13 16:33:37.111 [main] INFO  utilities.DriverFactory - No driver found. Creating new driver for: chrome
2026-06-13 16:33:37.111 [main] INFO  utilities.DriverFactory - Initializing driver for: chrome
2026-06-13 16:33:37.111 [main] INFO  utilities.DriverFactory - Starting ChromeDriver
2026-06-13 16:33:38.326 [main] INFO  testcases.BaseTest - Navigating to SauceDemo
2026-06-13 16:33:39.597 [main] INFO  listeners.ITest - TEST START: LandingPageTest.removeFromCartShouldDecreaseCartBadgeCount
2026-06-13 16:33:51.743 [main] INFO  listeners.ITest - TEST PASS: LandingPageTest.removeFromCartShouldDecreaseCartBadgeCount
2026-06-13 16:33:51.744 [main] INFO  testcases.BaseTest - Closing browser
2026-06-13 16:33:51.744 [main] INFO  utilities.DriverFactory - Closing browser
2026-06-13 16:33:51.973 [main] INFO  testcases.BaseTest - Opening browser
2026-06-13 16:33:51.974 [main] WARN  utilities.DriverFactory - No browser specified. Defaulting to Chrome
2026-06-13 16:33:51.974 [main] INFO  utilities.DriverFactory - No driver found. Creating new driver for: chrome
2026-06-13 16:33:51.974 [main] INFO  utilities.DriverFactory - Initializing driver for: chrome
2026-06-13 16:33:51.974 [main] INFO  utilities.DriverFactory - Starting ChromeDriver
2026-06-13 16:33:53.212 [main] INFO  testcases.BaseTest - Navigating to SauceDemo
2026-06-13 16:33:54.013 [main] INFO  listeners.ITest - TEST START: LoginTest.emptyPassword
2026-06-13 16:33:54.551 [main] INFO  listeners.ITest - TEST PASS: LoginTest.emptyPassword
2026-06-13 16:33:54.553 [main] INFO  testcases.BaseTest - Closing browser
2026-06-13 16:33:54.554 [main] INFO  utilities.DriverFactory - Closing browser
2026-06-13 16:33:54.812 [main] INFO  testcases.BaseTest - Opening browser
2026-06-13 16:33:54.813 [main] WARN  utilities.DriverFactory - No browser specified. Defaulting to Chrome
2026-06-13 16:33:54.813 [main] INFO  utilities.DriverFactory - No driver found. Creating new driver for: chrome
2026-06-13 16:33:54.813 [main] INFO  utilities.DriverFactory - Initializing driver for: chrome
2026-06-13 16:33:54.813 [main] INFO  utilities.DriverFactory - Starting ChromeDriver
2026-06-13 16:33:55.830 [main] INFO  testcases.BaseTest - Navigating to SauceDemo
2026-06-13 16:33:56.735 [main] INFO  listeners.ITest - TEST START: LoginTest.emptyUsername
2026-06-13 16:33:57.144 [main] INFO  listeners.ITest - TEST PASS: LoginTest.emptyUsername
2026-06-13 16:33:57.145 [main] INFO  testcases.BaseTest - Closing browser
2026-06-13 16:33:57.145 [main] INFO  utilities.DriverFactory - Closing browser
2026-06-13 16:33:57.321 [main] INFO  testcases.BaseTest - Opening browser
2026-06-13 16:33:57.321 [main] WARN  utilities.DriverFactory - No browser specified. Defaulting to Chrome
2026-06-13 16:33:57.321 [main] INFO  utilities.DriverFactory - No driver found. Creating new driver for: chrome
2026-06-13 16:33:57.321 [main] INFO  utilities.DriverFactory - Initializing driver for: chrome
2026-06-13 16:33:57.321 [main] INFO  utilities.DriverFactory - Starting ChromeDriver
2026-06-13 16:33:58.342 [main] INFO  testcases.BaseTest - Navigating to SauceDemo
2026-06-13 16:33:59.174 [main] INFO  listeners.ITest - TEST START: LoginTest.emptyUsernameAndPassword
2026-06-13 16:33:59.539 [main] INFO  listeners.ITest - TEST PASS: LoginTest.emptyUsernameAndPassword
2026-06-13 16:33:59.540 [main] INFO  testcases.BaseTest - Closing browser
2026-06-13 16:33:59.540 [main] INFO  utilities.DriverFactory - Closing browser
2026-06-13 16:33:59.706 [main] INFO  testcases.BaseTest - Opening browser
2026-06-13 16:33:59.706 [main] WARN  utilities.DriverFactory - No browser specified. Defaulting to Chrome
2026-06-13 16:33:59.706 [main] INFO  utilities.DriverFactory - No driver found. Creating new driver for: chrome
2026-06-13 16:33:59.706 [main] INFO  utilities.DriverFactory - Initializing driver for: chrome
2026-06-13 16:33:59.706 [main] INFO  utilities.DriverFactory - Starting ChromeDriver
2026-06-13 16:34:00.700 [main] INFO  testcases.BaseTest - Navigating to SauceDemo
2026-06-13 16:34:00.963 [main] INFO  listeners.ITest - TEST START: LoginTest.invalidPasswordLogin
2026-06-13 16:34:03.947 [main] INFO  listeners.ITest - TEST PASS: LoginTest.invalidPasswordLogin
2026-06-13 16:34:03.949 [main] INFO  testcases.BaseTest - Closing browser
2026-06-13 16:34:03.949 [main] INFO  utilities.DriverFactory - Closing browser
2026-06-13 16:34:04.138 [main] INFO  testcases.BaseTest - Opening browser
2026-06-13 16:34:04.138 [main] WARN  utilities.DriverFactory - No browser specified. Defaulting to Chrome
2026-06-13 16:34:04.138 [main] INFO  utilities.DriverFactory - No driver found. Creating new driver for: chrome
2026-06-13 16:34:04.138 [main] INFO  utilities.DriverFactory - Initializing driver for: chrome
2026-06-13 16:34:04.138 [main] INFO  utilities.DriverFactory - Starting ChromeDriver
2026-06-13 16:34:05.608 [main] INFO  testcases.BaseTest - Navigating to SauceDemo
2026-06-13 16:34:06.606 [main] INFO  listeners.ITest - TEST START: LoginTest.invalidUsernameLogin
2026-06-13 16:34:08.453 [main] INFO  listeners.ITest - TEST PASS: LoginTest.invalidUsernameLogin
2026-06-13 16:34:08.454 [main] INFO  testcases.BaseTest - Closing browser
2026-06-13 16:34:08.454 [main] INFO  utilities.DriverFactory - Closing browser
2026-06-13 16:34:08.667 [main] INFO  testcases.BaseTest - Opening browser
2026-06-13 16:34:08.667 [main] WARN  utilities.DriverFactory - No browser specified. Defaulting to Chrome
2026-06-13 16:34:08.667 [main] INFO  utilities.DriverFactory - No driver found. Creating new driver for: chrome
2026-06-13 16:34:08.667 [main] INFO  utilities.DriverFactory - Initializing driver for: chrome
2026-06-13 16:34:08.667 [main] INFO  utilities.DriverFactory - Starting ChromeDriver
2026-06-13 16:34:09.708 [main] INFO  testcases.BaseTest - Navigating to SauceDemo
2026-06-13 16:34:10.686 [main] INFO  listeners.ITest - TEST START: LoginTest.lockedOutUserLogin
2026-06-13 16:34:11.069 [main] INFO  listeners.ITest - TEST PASS: LoginTest.lockedOutUserLogin
2026-06-13 16:34:11.070 [main] INFO  testcases.BaseTest - Closing browser
2026-06-13 16:34:11.070 [main] INFO  utilities.DriverFactory - Closing browser
2026-06-13 16:34:11.249 [main] INFO  testcases.BaseTest - Opening browser
2026-06-13 16:34:11.249 [main] WARN  utilities.DriverFactory - No browser specified. Defaulting to Chrome
2026-06-13 16:34:11.249 [main] INFO  utilities.DriverFactory - No driver found. Creating new driver for: chrome
2026-06-13 16:34:11.249 [main] INFO  utilities.DriverFactory - Initializing driver for: chrome
2026-06-13 16:34:11.249 [main] INFO  utilities.DriverFactory - Starting ChromeDriver
2026-06-13 16:34:12.570 [main] INFO  testcases.BaseTest - Navigating to SauceDemo
2026-06-13 16:34:13.956 [main] INFO  listeners.ITest - TEST START: LoginTest.loginWithPerformanceGlitchUser
2026-06-13 16:34:20.987 [main] INFO  listeners.ITest - TEST PASS: LoginTest.loginWithPerformanceGlitchUser
2026-06-13 16:34:20.991 [main] INFO  testcases.BaseTest - Closing browser
2026-06-13 16:34:20.992 [main] INFO  utilities.DriverFactory - Closing browser
2026-06-13 16:34:21.930 [main] INFO  testcases.BaseTest - Opening browser
2026-06-13 16:34:21.931 [main] WARN  utilities.DriverFactory - No browser specified. Defaulting to Chrome
2026-06-13 16:34:21.932 [main] INFO  utilities.DriverFactory - No driver found. Creating new driver for: chrome
2026-06-13 16:34:21.932 [main] INFO  utilities.DriverFactory - Initializing driver for: chrome
2026-06-13 16:34:21.933 [main] INFO  utilities.DriverFactory - Starting ChromeDriver
2026-06-13 16:34:23.475 [main] INFO  testcases.BaseTest - Navigating to SauceDemo
2026-06-13 16:34:23.695 [main] INFO  listeners.ITest - TEST START: LoginTest.loginWithProblemUser
2026-06-13 16:34:25.642 [main] INFO  listeners.ITest - TEST PASS: LoginTest.loginWithProblemUser
2026-06-13 16:34:25.646 [main] INFO  testcases.BaseTest - Closing browser
2026-06-13 16:34:25.646 [main] INFO  utilities.DriverFactory - Closing browser
2026-06-13 16:34:26.035 [main] INFO  testcases.BaseTest - Opening browser
2026-06-13 16:34:26.035 [main] WARN  utilities.DriverFactory - No browser specified. Defaulting to Chrome
2026-06-13 16:34:26.035 [main] INFO  utilities.DriverFactory - No driver found. Creating new driver for: chrome
2026-06-13 16:34:26.035 [main] INFO  utilities.DriverFactory - Initializing driver for: chrome
2026-06-13 16:34:26.035 [main] INFO  utilities.DriverFactory - Starting ChromeDriver
2026-06-13 16:34:27.301 [main] INFO  testcases.BaseTest - Navigating to SauceDemo
2026-06-13 16:34:28.119 [main] INFO  listeners.ITest - TEST START: LoginTest.validLogin
2026-06-13 16:34:28.559 [main] INFO  listeners.ITest - TEST PASS: LoginTest.validLogin
2026-06-13 16:34:28.560 [main] INFO  testcases.BaseTest - Closing browser
2026-06-13 16:34:28.561 [main] INFO  utilities.DriverFactory - Closing browser
2026-06-13 16:34:28.722 [main] INFO  testcases.BaseTest - Opening browser
2026-06-13 16:34:28.723 [main] WARN  utilities.DriverFactory - No browser specified. Defaulting to Chrome
2026-06-13 16:34:28.723 [main] INFO  utilities.DriverFactory - No driver found. Creating new driver for: chrome
2026-06-13 16:34:28.723 [main] INFO  utilities.DriverFactory - Initializing driver for: chrome
2026-06-13 16:34:28.723 [main] INFO  utilities.DriverFactory - Starting ChromeDriver
2026-06-13 16:34:29.875 [main] INFO  testcases.BaseTest - Navigating to SauceDemo
2026-06-13 16:34:30.757 [main] INFO  listeners.ITest - TEST START: LoginTest.verifyLoginPageTitle
2026-06-13 16:34:30.769 [main] INFO  listeners.ITest - TEST PASS: LoginTest.verifyLoginPageTitle
2026-06-13 16:34:30.770 [main] INFO  testcases.BaseTest - Closing browser
2026-06-13 16:34:30.770 [main] INFO  utilities.DriverFactory - Closing browser
2026-06-13 16:34:30.959 [main] INFO  listeners.ITest - CONTEXT FINISH: swaglabs-web-automation-project
2026-06-13 16:34:30.962 [main] INFO  listeners.AllureReportListener - Opening Allure report...
